2026-09-08 10:39:55,470 - INFO - Opening:  226487919888
2026-09-08 10:39:56,104 - INFO - Bypassed select buttons loop because Identification Details container is active.
2026-09-08 10:39:56,120 - INFO - Opening:  226487923313
2026-09-08 10:39:56,206 - INFO - Bypassed select buttons loop because Identification Details container is active.
2026-09-08 10:39:56,229 - INFO - Opening:  226487932918
2026-09-08 10:39:56,299 - INFO - Bypassed select buttons loop because Identification Details container is active.
2026-09-08 10:39:56,316 - INFO - Opening:  226487978667
2026-09-08 10:39:56,368 - INFO - Bypassed select buttons loop because Identification Details container is active.
2026-09-08 10:39:56,385 - INFO - Opening:  226488066768
2026-09-08 10:39:56,435 - INFO - Bypassed select buttons loop because Identification Details container is active.
2026-09-08 10:39:56,450 - INFO - Opening:  226488100552
2026-09-08 10:39:56,502 - INFO - Bypassed select buttons loop because Identification Details container is active.
2026-09-08 10:39:56,520 - INFO - Opening:  226488192724
2026-09-08 10:39:56,570 - INFO - Bypassed select buttons loop because Identification Details container is active.
2026-09-08 10:39:56,584 - INFO - Opening:  226488206098
2026-09-08 10:39:56,629 - INFO - Bypassed select buttons loop because Identification Details container is active.
2026-09-08 10:39:56,642 - INFO - Opening:  226488212849
2026-09-08 10:39:56,683 - INFO - Bypassed select buttons loop because Identification Details container is active.
2026-09-08 10:39:56,694 - INFO - Opening:  226488267470
2026-09-08 10:39:56,734 - INFO - Bypassed select buttons loop because Identification Details container is active.
2026-09-08 10:39:56,745 - INFO - Opening:  226488278049
2026-09-08 10:39:56,783 - INFO - Bypassed select buttons loop because Identification Details container is active.
2026-09-08 10:39:56,794 - INFO - Opening:  226488363287
2026-09-08 10:39:56,832 - INFO - Bypassed select buttons loop because Identification Details container is active.
2026-09-08 10:39:56,843 - INFO - Opening:  226488466477
2026-09-08 10:39:56,885 - INFO - Bypassed select buttons loop because Identification Details container is active.
2026-09-08 10:39:56,896 - INFO - Opening:  226488522164
2026-09-08 10:39:56,935 - INFO - Bypassed select buttons loop because Identification Details container is active.
2026-09-08 10:39:56,946 - INFO - Opening:  226488524446
2026-09-08 10:39:56,984 - INFO - Bypassed select buttons loop because Identification Details container is active.
2026-09-08 10:39:56,996 - INFO - Opening:  226488530628
2026-09-08 10:39:57,037 - INFO - Bypassed select buttons loop because Identification Details container is active.
2026-09-08 10:39:57,048 - INFO - Opening:  226488531971
2026-09-08 10:39:57,089 - INFO - Bypassed select buttons loop because Identification Details container is active.
2026-09-08 10:39:57,102 - INFO - Opening:  226488536337
2026-09-08 10:39:57,143 - INFO - Bypassed select buttons loop because Identification Details container is active.
2026-09-08 10:39:57,154 - INFO - Opening:  226488553581
2026-09-08 10:39:57,197 - INFO - Bypassed select buttons loop because Identification Details container is active.
2026-09-08 10:39:57,208 - INFO - Opening:  226488571491
2026-09-08 10:39:57,247 - INFO - Bypassed select buttons loop because Identification Details container is active.
2026-09-08 10:39:57,258 - INFO - Opening:  226488599210
2026-09-08 10:39:57,297 - INFO - Bypassed select buttons loop because Identification Details container is active.
2026-09-08 10:39:57,308 - INFO - Opening:  226488605255
2026-09-08 10:39:57,347 - INFO - Bypassed select buttons loop because Identification Details container is active.
2026-09-08 10:39:57,358 - INFO - Opening:  226488627867
2026-09-08 10:39:57,397 - INFO - Bypassed select buttons loop because Identification Details container is active.
2026-09-08 10:39:57,407 - INFO - Opening:  226488638425
2026-09-08 10:39:57,444 - INFO - Bypassed select buttons loop because Identification Details container is active.
2026-09-08 10:39:57,455 - INFO - Opening:  226488667057
2026-09-08 10:39:57,492 - INFO - Bypassed select buttons loop because Identification Details container is active.
2026-09-08 10:39:57,503 - INFO - Opening:  226488683672
2026-09-08 10:39:57,539 - INFO - Bypassed select buttons loop because Identification Details container is active.
2026-09-08 10:39:57,550 - INFO - Opening:  226488686448
2026-09-08 10:39:57,588 - INFO - Bypassed select buttons loop because Identification Details container is active.
2026-09-08 10:39:57,600 - INFO - Opening:  226488704366
2026-09-08 10:39:57,638 - INFO - Bypassed select buttons loop because Identification Details container is active.
2026-09-08 10:39:57,649 - INFO - Opening:  226488757370
2026-09-08 10:39:57,688 - INFO - Bypassed select buttons loop because Identification Details container is active.
2026-09-08 10:39:57,699 - INFO - Opening:  226488796887
2026-09-08 10:39:57,739 - INFO - Bypassed select buttons loop because Identification Details container is active.
2026-09-08 10:39:57,752 - INFO - Opening:  226488907313
2026-09-08 10:39:57,790 - INFO - Bypassed select buttons loop because Identification Details container is active.
2026-09-08 10:39:57,801 - INFO - Opening:  226488983851
2026-09-08 10:39:57,838 - INFO - Bypassed select buttons loop because Identification Details container is active.
2026-09-08 10:39:57,848 - INFO - Opening:  226489036405
2026-09-08 10:39:57,885 - INFO - Bypassed select buttons loop because Identification Details container is active.
2026-09-08 10:39:57,896 - INFO - Opening:  226489055671
2026-09-08 10:39:57,934 - INFO - Bypassed select buttons loop because Identification Details container is active.
2026-09-08 10:39:57,944 - INFO - Opening:  226489069015
2026-09-08 10:39:57,984 - INFO - Bypassed select buttons loop because Identification Details container is active.
2026-09-08 10:39:57,996 - INFO - Opening:  226489090524
2026-09-08 10:39:58,035 - INFO - Bypassed select buttons loop because Identification Details container is active.
2026-09-08 10:39:58,045 - INFO - Opening:  226489176840
2026-09-08 10:39:58,084 - INFO - Bypassed select buttons loop because Identification Details container is active.
2026-09-08 10:39:58,095 - INFO - Opening:  226489180457
2026-09-08 10:39:58,133 - INFO - Bypassed select buttons loop because Identification Details container is active.
2026-09-08 10:39:58,144 - INFO - Opening:  226489197725
2026-09-08 10:39:58,182 - INFO - Bypassed select buttons loop because Identification Details container is active.
2026-09-08 10:39:58,194 - INFO - Opening:  226489218964
2026-09-08 10:39:58,233 - INFO - Bypassed select buttons loop because Identification Details container is active.
2026-09-08 10:39:58,245 - INFO - Opening:  226489253499
2026-09-08 10:39:58,284 - INFO - Bypassed select buttons loop because Identification Details container is active.
2026-09-08 10:39:58,296 - INFO - Opening:  226489254753
2026-09-08 10:39:58,336 - INFO - Bypassed select buttons loop because Identification Details container is active.
2026-09-08 10:39:58,347 - INFO - Opening:  226489417513
2026-09-08 10:39:58,385 - INFO - Bypassed select buttons loop because Identification Details container is active.
2026-09-08 10:39:58,398 - INFO - Opening:  226489529321
2026-09-08 10:39:58,438 - INFO - Bypassed select buttons loop because Identification Details container is active.
2026-09-08 10:39:58,448 - INFO - Opening:  226489539898
2026-09-08 10:39:58,487 - INFO - Bypassed select buttons loop because Identification Details container is active.
2026-09-08 10:39:58,498 - INFO - Opening:  226489561982
2026-09-08 10:39:58,539 - INFO - Bypassed select buttons loop because Identification Details container is active.
2026-09-08 10:39:58,549 - INFO - Opening:  226489564289
2026-09-08 10:39:58,588 - INFO - Bypassed select buttons loop because Identification Details container is active.
2026-09-08 10:39:58,599 - INFO - Opening:  226489584256
2026-09-08 10:39:58,639 - INFO - Bypassed select buttons loop because Identification Details container is active.
2026-09-08 10:39:58,650 - INFO - Opening:  226489586112
2026-09-08 10:39:58,689 - INFO - Bypassed select buttons loop because Identification Details container is active.
2026-09-08 10:39:58,699 - INFO - Opening:  226489646226
2026-09-08 10:39:58,740 - INFO - Bypassed select buttons loop because Identification Details container is active.
2026-09-08 10:39:58,753 - INFO - Opening:  226489679133
2026-09-08 10:39:58,791 - INFO - Bypassed select buttons loop because Identification Details container is active.
2026-09-08 10:39:58,801 - INFO - Opening:  226489702521
2026-09-08 10:39:58,862 - INFO - Bypassed select buttons loop because Identification Details container is active.
2026-09-08 10:39:58,873 - INFO - Opening:  226489736524
2026-09-08 10:39:58,925 - INFO - Bypassed select buttons loop because Identification Details container is active.
2026-09-08 10:39:58,937 - INFO - Opening:  226489776416
2026-09-08 10:39:58,984 - INFO - Bypassed select buttons loop because Identification Details container is active.
2026-09-08 10:39:58,996 - INFO - Opening:  226489795683
2026-09-08 10:39:59,042 - INFO - Bypassed select buttons loop because Identification Details container is active.
2026-09-08 10:39:59,053 - INFO - Opening:  226489826479
2026-09-08 10:39:59,090 - INFO - Bypassed select buttons loop because Identification Details container is active.
2026-09-08 10:39:59,101 - INFO - Opening:  226489878451
2026-09-08 10:39:59,140 - INFO - Bypassed select buttons loop because Identification Details container is active.
2026-09-08 10:39:59,152 - INFO - Opening:  226489903241
2026-09-08 10:39:59,189 - INFO - Bypassed select buttons loop because Identification Details container is active.
2026-09-08 10:39:59,200 - INFO - Opening:  226489917157
2026-09-08 10:39:59,238 - INFO - Bypassed select buttons loop because Identification Details container is active.
2026-09-08 10:39:59,249 - INFO - Opening:  226489984089
2026-09-08 10:39:59,285 - INFO - Bypassed select buttons loop because Identification Details container is active.
2026-09-08 10:39:59,296 - INFO - Opening:  226481031582
2026-09-08 10:39:59,333 - INFO - Bypassed select buttons loop because Identification Details container is active.
2026-09-08 10:39:59,344 - INFO - Opening:  226481086311
2026-09-08 10:39:59,382 - INFO - Bypassed select buttons loop because Identification Details container is active.
2026-09-08 10:39:59,393 - INFO - Opening:  226481246697
2026-09-08 10:39:59,431 - INFO - Bypassed select buttons loop because Identification Details container is active.
2026-09-08 10:39:59,442 - INFO - Opening:  226481287369
2026-09-08 10:39:59,480 - INFO - Bypassed select buttons loop because Identification Details container is active.
2026-09-08 10:39:59,490 - INFO - Opening:  226481295091
2026-09-08 10:39:59,528 - INFO - Bypassed select buttons loop because Identification Details container is active.
2026-09-08 10:39:59,539 - INFO - Opening:  226481329177
2026-09-08 10:39:59,580 - INFO - Bypassed select buttons loop because Identification Details container is active.
2026-09-08 10:39:59,590 - INFO - Opening:  226481370727
2026-09-08 10:39:59,629 - INFO - Bypassed select buttons loop because Identification Details container is active.
2026-09-08 10:39:59,640 - INFO - Opening:  226481445235
2026-09-08 10:39:59,685 - INFO - Bypassed select buttons loop because Identification Details container is active.
2026-09-08 10:39:59,701 - INFO - Opening:  226481475437
2026-09-08 10:39:59,745 - INFO - Bypassed select buttons loop because Identification Details container is active.
2026-09-08 10:39:59,756 - INFO - Opening:  226481490056
2026-09-08 10:39:59,799 - INFO - Bypassed select buttons loop because Identification Details container is active.
2026-09-08 10:39:59,810 - INFO - Opening:  226481498137
2026-09-08 10:39:59,852 - INFO - Bypassed select buttons loop because Identification Details container is active.
2026-09-08 10:39:59,864 - INFO - Opening:  226481538910
2026-09-08 10:39:59,903 - INFO - Bypassed select buttons loop because Identification Details container is active.
2026-09-08 10:39:59,914 - INFO - Opening:  226481568664
2026-09-08 10:39:59,953 - INFO - Bypassed select buttons loop because Identification Details container is active.
2026-09-08 10:39:59,964 - INFO - Opening:  226481731382
2026-09-08 10:40:00,002 - INFO - Bypassed select buttons loop because Identification Details container is active.
2026-09-08 10:40:00,015 - INFO - Opening:  226481767777
2026-09-08 10:40:00,055 - INFO - Bypassed select buttons loop because Identification Details container is active.
2026-09-08 10:40:00,066 - INFO - Opening:  226481783742
2026-09-08 10:40:00,106 - INFO - Bypassed select buttons loop because Identification Details container is active.
2026-09-08 10:40:00,118 - INFO - Opening:  226481816740
2026-09-08 10:40:00,160 - INFO - Bypassed select buttons loop because Identification Details container is active.
2026-09-08 10:40:00,170 - INFO - Opening:  226481914283
2026-09-08 10:40:00,210 - INFO - Bypassed select buttons loop because Identification Details container is active.
2026-09-08 10:40:00,221 - INFO - Opening:  226481931836
2026-09-08 10:40:00,262 - INFO - Bypassed select buttons loop because Identification Details container is active.
2026-09-08 10:40:00,272 - INFO - Opening:  226482100875
2026-09-08 10:40:00,312 - INFO - Bypassed select buttons loop because Identification Details container is active.
2026-09-08 10:40:00,323 - INFO - Opening:  226482205405
2026-09-08 10:40:00,364 - INFO - Bypassed select buttons loop because Identification Details container is active.
2026-09-08 10:40:00,375 - INFO - Opening:  226482214647
2026-09-08 10:40:00,414 - INFO - Bypassed select buttons loop because Identification Details container is active.
2026-09-08 10:40:00,424 - INFO - Opening:  226482219572
2026-09-08 10:40:00,464 - INFO - Bypassed select buttons loop because Identification Details container is active.
2026-09-08 10:40:00,475 - INFO - Opening:  226482331544
2026-09-08 10:40:00,513 - INFO - Bypassed select buttons loop because Identification Details container is active.
2026-09-08 10:40:00,524 - INFO - Opening:  226482465109
2026-09-08 10:40:00,564 - INFO - Bypassed select buttons loop because Identification Details container is active.
2026-09-08 10:40:00,575 - INFO - Opening:  226482473179
2026-09-08 10:40:00,613 - INFO - Bypassed select buttons loop because Identification Details container is active.
2026-09-08 10:40:00,623 - INFO - Opening:  226482486773
2026-09-08 10:40:00,661 - INFO - Bypassed select buttons loop because Identification Details container is active.
2026-09-08 10:40:00,671 - INFO - Opening:  226482597161
2026-09-08 10:40:00,713 - INFO - Bypassed select buttons loop because Identification Details container is active.
2026-09-08 10:40:00,724 - INFO - Opening:  226482597425
2026-09-08 10:40:00,765 - INFO - Bypassed select buttons loop because Identification Details container is active.
2026-09-08 10:40:00,777 - INFO - Opening:  226482648129
2026-09-08 10:40:00,815 - INFO - Bypassed select buttons loop because Identification Details container is active.
2026-09-08 10:40:00,825 - INFO - Opening:  226482662478
2026-09-08 10:40:00,864 - INFO - Bypassed select buttons loop because Identification Details container is active.
2026-09-08 10:40:00,877 - INFO - Opening:  226482714442
2026-09-08 10:40:00,920 - INFO - Bypassed select buttons loop because Identification Details container is active.
2026-09-08 10:40:00,933 - INFO - Opening:  226482748625
2026-09-08 10:40:00,973 - INFO - Bypassed select buttons loop because Identification Details container is active.
2026-09-08 10:40:00,984 - INFO - Opening:  226482834104
2026-09-08 10:40:01,027 - INFO - Bypassed select buttons loop because Identification Details container is active.
2026-09-08 10:40:01,038 - INFO - Opening:  226482918139
2026-09-08 10:40:01,083 - INFO - Bypassed select buttons loop because Identification Details container is active.
2026-09-08 10:40:01,096 - INFO - Opening:  226483056531
2026-09-08 10:40:01,139 - INFO - Bypassed select buttons loop because Identification Details container is active.
2026-09-08 10:40:01,151 - INFO - Opening:  226483111689
2026-09-08 10:40:01,190 - INFO - Bypassed select buttons loop because Identification Details container is active.
2026-09-08 10:40:01,201 - INFO - Opening:  226483187660
2026-09-08 10:40:01,240 - INFO - Bypassed select buttons loop because Identification Details container is active.
2026-09-08 10:40:01,251 - INFO - Opening:  226483197585
2026-09-08 10:40:01,289 - INFO - Bypassed select buttons loop because Identification Details container is active.
2026-09-08 10:40:01,300 - INFO - Opening:  226483346894
2026-09-08 10:40:01,340 - INFO - Bypassed select buttons loop because Identification Details container is active.
2026-09-08 10:40:01,351 - INFO - Opening:  226483360580
2026-09-08 10:40:01,389 - INFO - Bypassed select buttons loop because Identification Details container is active.
2026-09-08 10:40:01,401 - INFO - Opening:  226483400789
2026-09-08 10:40:01,442 - INFO - Bypassed select buttons loop because Identification Details container is active.
2026-09-08 10:40:01,453 - INFO - Opening:  226483585926
2026-09-08 10:40:01,493 - INFO - Bypassed select buttons loop because Identification Details container is active.
2026-09-08 10:40:01,504 - INFO - Opening:  226483646792
2026-09-08 10:40:01,548 - INFO - Bypassed select buttons loop because Identification Details container is active.
2026-09-08 10:40:01,568 - INFO - Opening:  226483652305
2026-09-08 10:40:01,617 - INFO - Bypassed select buttons loop because Identification Details container is active.
2026-09-08 10:40:01,629 - INFO - Opening:  226483661577
2026-09-08 10:40:01,672 - INFO - Bypassed select buttons loop because Identification Details container is active.
2026-09-08 10:40:01,683 - INFO - Opening:  226483783307
2026-09-08 10:40:01,722 - INFO - Bypassed select buttons loop because Identification Details container is active.
2026-09-08 10:40:01,734 - INFO - Opening:  226483976844
2026-09-08 10:40:01,776 - INFO - Bypassed select buttons loop because Identification Details container is active.
2026-09-08 10:40:01,788 - INFO - Opening:  226484272146
2026-09-08 10:40:01,832 - INFO - Bypassed select buttons loop because Identification Details container is active.
2026-09-08 10:40:01,844 - INFO - Opening:  226484319895
2026-09-08 10:40:01,889 - INFO - Bypassed select buttons loop because Identification Details container is active.
2026-09-08 10:40:01,903 - INFO - Opening:  226484355015
2026-09-08 10:40:01,947 - INFO - Bypassed select buttons loop because Identification Details container is active.
2026-09-08 10:40:01,959 - INFO - Opening:  226484394012
2026-09-08 10:40:02,002 - INFO - Bypassed select buttons loop because Identification Details container is active.
2026-09-08 10:40:02,016 - INFO - Opening:  226484530730
2026-09-08 10:40:02,060 - INFO - Bypassed select buttons loop because Identification Details container is active.
2026-09-08 10:40:02,072 - INFO - Opening:  226484597586
2026-09-08 10:40:02,118 - INFO - Bypassed select buttons loop because Identification Details container is active.
2026-09-08 10:40:02,129 - INFO - Opening:  226484643774
2026-09-08 10:40:02,172 - INFO - Bypassed select buttons loop because Identification Details container is active.
2026-09-08 10:40:02,184 - INFO - Opening:  226484663169
2026-09-08 10:40:02,228 - INFO - Bypassed select buttons loop because Identification Details container is active.
2026-09-08 10:40:02,239 - INFO - Opening:  226484776610
2026-09-08 10:40:02,303 - INFO - Bypassed select buttons loop because Identification Details container is active.
2026-09-08 10:40:02,319 - INFO - Opening:  22648482055
2026-09-08 10:40:02,369 - INFO - Bypassed select buttons loop because Identification Details container is active.
2026-09-08 10:40:02,382 - INFO - Opening:  226485316537
2026-09-08 10:40:02,425 - INFO - Bypassed select buttons loop because Identification Details container is active.
2026-09-08 10:40:02,437 - INFO - Opening:  226485593171
2026-09-08 10:40:02,480 - INFO - Bypassed select buttons loop because Identification Details container is active.
2026-09-08 10:40:02,492 - INFO - Opening:  226485593536
2026-09-08 10:40:02,532 - INFO - Bypassed select buttons loop because Identification Details container is active.
2026-09-08 10:40:02,543 - INFO - Opening:  226485632613
2026-09-08 10:40:02,586 - INFO - Bypassed select buttons loop because Identification Details container is active.
2026-09-08 10:40:02,597 - INFO - Opening:  226485706648
2026-09-08 10:40:02,643 - INFO - Bypassed select buttons loop because Identification Details container is active.
2026-09-08 10:40:02,655 - INFO - Opening:  226485732124
2026-09-08 10:40:02,699 - INFO - Bypassed select buttons loop because Identification Details container is active.
2026-09-08 10:40:02,712 - INFO - Opening:  226485747657
2026-09-08 10:40:02,751 - INFO - Bypassed select buttons loop because Identification Details container is active.
2026-09-08 10:40:02,763 - INFO - Opening:  226485821857
2026-09-08 10:40:02,807 - INFO - Bypassed select buttons loop because Identification Details container is active.
2026-09-08 10:40:02,819 - INFO - Opening:  226485851903
2026-09-08 10:40:02,866 - INFO - Bypassed select buttons loop because Identification Details container is active.
2026-09-08 10:40:02,878 - INFO - Opening:  226485879336
2026-09-08 10:40:02,919 - INFO - Bypassed select buttons loop because Identification Details container is active.
2026-09-08 10:40:02,930 - INFO - Opening:  226485991440
2026-09-08 10:40:02,970 - INFO - Bypassed select buttons loop because Identification Details container is active.
2026-09-08 10:40:02,982 - INFO - Opening:  226486053393
2026-09-08 10:40:03,023 - INFO - Bypassed select buttons loop because Identification Details container is active.
2026-09-08 10:40:03,034 - INFO - Opening:  226486077050
2026-09-08 10:40:03,074 - INFO - Bypassed select buttons loop because Identification Details container is active.
2026-09-08 10:40:03,084 - INFO - Opening:  226486162149
2026-09-08 10:40:03,126 - INFO - Bypassed select buttons loop because Identification Details container is active.
2026-09-08 10:40:03,136 - INFO - Opening:  226486247960
2026-09-08 10:40:03,176 - INFO - Bypassed select buttons loop because Identification Details container is active.
2026-09-08 10:40:03,186 - INFO - Opening:  226486260561
2026-09-08 10:40:03,224 - INFO - Bypassed select buttons loop because Identification Details container is active.
2026-09-08 10:40:03,235 - INFO - Opening:  226486261393
2026-09-08 10:40:03,276 - INFO - Bypassed select buttons loop because Identification Details container is active.
2026-09-08 10:40:03,286 - INFO - Opening:  226486397072
2026-09-08 10:40:03,327 - INFO - Bypassed select buttons loop because Identification Details container is active.
2026-09-08 10:40:03,341 - INFO - Opening:  226486515964
2026-09-08 10:40:03,381 - INFO - Bypassed select buttons loop because Identification Details container is active.
2026-09-08 10:40:03,391 - INFO - Opening:  226486535743
2026-09-08 10:40:03,430 - INFO - Bypassed select buttons loop because Identification Details container is active.
2026-09-08 10:40:03,441 - INFO - Opening:  226486580336
2026-09-08 10:40:03,480 - INFO - Bypassed select buttons loop because Identification Details container is active.
2026-09-08 10:40:03,492 - INFO - Opening:  226486632946
2026-09-08 10:40:03,532 - INFO - Bypassed select buttons loop because Identification Details container is active.
2026-09-08 10:40:03,544 - INFO - Opening:  226486668463
2026-09-08 10:40:03,585 - INFO - Bypassed select buttons loop because Identification Details container is active.
2026-09-08 10:40:03,597 - INFO - Opening:  226486799132
2026-09-08 10:40:03,638 - INFO - Bypassed select buttons loop because Identification Details container is active.
2026-09-08 10:40:03,649 - INFO - Opening:  226486849531
2026-09-08 10:40:03,686 - INFO - Bypassed select buttons loop because Identification Details container is active.
2026-09-08 10:40:03,697 - INFO - Opening:  226486853603
2026-09-08 10:40:03,735 - INFO - Bypassed select buttons loop because Identification Details container is active.
2026-09-08 10:40:03,747 - INFO - Opening:  226486873055
2026-09-08 10:40:03,788 - INFO - Bypassed select buttons loop because Identification Details container is active.
2026-09-08 10:40:03,801 - INFO - Opening:  226486938586
2026-09-08 10:40:03,852 - INFO - Bypassed select buttons loop because Identification Details container is active.
2026-09-08 10:40:03,867 - INFO - Opening:  226486943358
2026-09-08 10:40:03,906 - INFO - Bypassed select buttons loop because Identification Details container is active.
2026-09-08 10:40:03,917 - INFO - Opening:  226487015741
2026-09-08 10:40:03,955 - INFO - Bypassed select buttons loop because Identification Details container is active.
2026-09-08 10:40:03,967 - INFO - Opening:  226487080693
2026-09-08 10:40:04,009 - INFO - Bypassed select buttons loop because Identification Details container is active.
2026-09-08 10:40:04,019 - INFO - Opening:  226487102828
2026-09-08 10:40:04,060 - INFO - Bypassed select buttons loop because Identification Details container is active.
2026-09-08 10:40:04,070 - INFO - Opening:  226487197251
2026-09-08 10:40:04,109 - INFO - Bypassed select buttons loop because Identification Details container is active.
2026-09-08 10:40:04,120 - INFO - Opening:  226487202125
2026-09-08 10:40:04,160 - INFO - Bypassed select buttons loop because Identification Details container is active.
2026-09-08 10:40:04,170 - INFO - Opening:  226487253122
2026-09-08 10:40:04,209 - INFO - Bypassed select buttons loop because Identification Details container is active.
2026-09-08 10:40:04,220 - INFO - Opening:  226487256814
2026-09-08 10:40:04,261 - INFO - Bypassed select buttons loop because Identification Details container is active.
2026-09-08 10:40:04,271 - INFO - Opening:  226487388396
2026-09-08 10:40:04,313 - INFO - Bypassed select buttons loop because Identification Details container is active.
2026-09-08 10:40:04,324 - INFO - Opening:  226487447259
2026-09-08 10:40:04,364 - INFO - Bypassed select buttons loop because Identification Details container is active.
2026-09-08 10:40:04,376 - INFO - Opening:  226487591416
2026-09-08 10:40:04,434 - INFO - Bypassed select buttons loop because Identification Details container is active.
2026-09-08 10:40:04,446 - INFO - Opening:  226487626974
2026-09-08 10:40:04,490 - INFO - Bypassed select buttons loop because Identification Details container is active.
2026-09-08 10:40:04,502 - INFO - Opening:  226487650645
2026-09-08 10:40:04,543 - INFO - Bypassed select buttons loop because Identification Details container is active.
2026-09-08 10:40:04,553 - INFO - Opening:  226487666863
2026-09-08 10:40:04,590 - INFO - Bypassed select buttons loop because Identification Details container is active.
2026-09-08 10:40:04,601 - INFO - Opening:  226487678954
2026-09-08 10:40:04,642 - INFO - Bypassed select buttons loop because Identification Details container is active.
2026-09-08 10:40:04,652 - INFO - Opening:  226487742085
2026-09-08 10:40:04,698 - INFO - Bypassed select buttons loop because Identification Details container is active.
2026-09-08 10:40:04,710 - INFO - Opening:  226487762811
2026-09-08 10:40:04,757 - INFO - Bypassed select buttons loop because Identification Details container is active.
2026-09-08 10:40:04,768 - INFO - Opening:  226487805756
2026-09-08 10:40:04,814 - INFO - Bypassed select buttons loop because Identification Details container is active.
2026-09-08 10:40:04,825 - INFO - Opening:  226487864158
2026-09-08 10:40:04,864 - INFO - Bypassed select buttons loop because Identification Details container is active.
2026-09-08 10:40:04,876 - INFO - Opening:  226487893332
2026-09-08 10:40:04,917 - INFO - Bypassed select buttons loop because Identification Details container is active.
2026-09-08 10:40:04,928 - INFO - Opening:  226487990250
2026-09-08 10:40:04,967 - INFO - Bypassed select buttons loop because Identification Details container is active.
2026-09-08 10:40:04,979 - INFO - Opening:  226488039906
2026-09-08 10:40:05,021 - INFO - Bypassed select buttons loop because Identification Details container is active.
2026-09-08 10:40:05,034 - INFO - Opening:  226488053587
2026-09-08 10:40:05,076 - INFO - Bypassed select buttons loop because Identification Details container is active.
2026-09-08 10:40:05,086 - INFO - Opening:  226488085912
2026-09-08 10:40:05,125 - INFO - Bypassed select buttons loop because Identification Details container is active.
2026-09-08 10:40:05,136 - INFO - Opening:  226488093473
2026-09-08 10:40:05,174 - INFO - Bypassed select buttons loop because Identification Details container is active.
2026-09-08 10:40:05,187 - INFO - Opening:  226488106469
2026-09-08 10:40:05,225 - INFO - Bypassed select buttons loop because Identification Details container is active.
2026-09-08 10:40:05,236 - INFO - Opening:  226488122234
2026-09-08 10:40:05,276 - INFO - Bypassed select buttons loop because Identification Details container is active.
2026-09-08 10:40:05,287 - INFO - Opening:  226488123151
2026-09-08 10:40:05,330 - INFO - Bypassed select buttons loop because Identification Details container is active.
2026-09-08 10:40:05,342 - INFO - Opening:  226488266071
2026-09-08 10:40:05,385 - INFO - Bypassed select buttons loop because Identification Details container is active.
2026-09-08 10:40:05,397 - INFO - Opening:  226488311893
2026-09-08 10:40:05,438 - INFO - Bypassed select buttons loop because Identification Details container is active.
2026-09-08 10:40:05,451 - INFO - Opening:  226488425215
2026-09-08 10:40:05,495 - INFO - Bypassed select buttons loop because Identification Details container is active.
2026-09-08 10:40:05,507 - INFO - Opening:  226488549478
2026-09-08 10:40:05,553 - INFO - Bypassed select buttons loop because Identification Details container is active.
2026-09-08 10:40:05,564 - INFO - Opening:  226488613216
2026-09-08 10:40:05,602 - INFO - Bypassed select buttons loop because Identification Details container is active.
2026-09-08 10:40:05,616 - INFO - Opening:  226488617835
2026-09-08 10:40:05,670 - INFO - Bypassed select buttons loop because Identification Details container is active.
2026-09-08 10:40:05,686 - INFO - Opening:  226488658989
2026-09-08 10:40:05,730 - INFO - Bypassed select buttons loop because Identification Details container is active.
2026-09-08 10:40:05,741 - INFO - Opening:  226488752364
2026-09-08 10:40:05,778 - INFO - Bypassed select buttons loop because Identification Details container is active.
2026-09-08 10:40:05,788 - INFO - Opening:  226488772008
2026-09-08 10:40:05,828 - INFO - Bypassed select buttons loop because Identification Details container is active.
2026-09-08 10:40:05,839 - INFO - Opening:  226489043496
2026-09-08 10:40:05,881 - INFO - Bypassed select buttons loop because Identification Details container is active.
2026-09-08 10:40:05,893 - INFO - Opening:  226489082771
2026-09-08 10:40:05,933 - INFO - Bypassed select buttons loop because Identification Details container is active.
2026-09-08 10:40:05,944 - INFO - Opening:  226489316989
2026-09-08 10:40:05,986 - INFO - Bypassed select buttons loop because Identification Details container is active.
2026-09-08 10:40:05,998 - INFO - Opening:  226489395447
2026-09-08 10:40:06,042 - INFO - Bypassed select buttons loop because Identification Details container is active.
2026-09-08 10:40:06,053 - INFO - Opening:  226489512586
2026-09-08 10:40:06,098 - INFO - Bypassed select buttons loop because Identification Details container is active.
2026-09-08 10:40:06,111 - INFO - Opening:  226489616105
2026-09-08 10:40:06,159 - INFO - Bypassed select buttons loop because Identification Details container is active.
2026-09-08 10:40:06,173 - INFO - Opening:  226489710028
2026-09-08 10:40:06,221 - INFO - Bypassed select buttons loop because Identification Details container is active.
2026-09-08 10:40:06,236 - INFO - Opening:  226489742367
2026-09-08 10:40:06,286 - INFO - Bypassed select buttons loop because Identification Details container is active.
2026-09-08 10:40:06,300 - INFO - Opening:  226489807035
2026-09-08 10:40:06,343 - INFO - Bypassed select buttons loop because Identification Details container is active.
2026-09-08 10:40:06,354 - INFO - Opening:  226489843278
2026-09-08 10:40:06,403 - INFO - Bypassed select buttons loop because Identification Details container is active.
2026-09-08 10:40:06,415 - INFO - Opening:  226489871259
2026-09-08 10:40:06,454 - INFO - Bypassed select buttons loop because Identification Details container is active.
2026-09-08 10:40:06,466 - INFO - Opening:  226489919266
2026-09-08 10:40:06,506 - INFO - Bypassed select buttons loop because Identification Details container is active.
2026-09-08 10:40:06,517 - INFO - Opening:  226489928354
2026-09-08 10:40:06,557 - INFO - Bypassed select buttons loop because Identification Details container is active.
2026-09-08 10:40:06,567 - INFO - Opening:  226489993637
2026-09-08 10:40:06,606 - INFO - Bypassed select buttons loop because Identification Details container is active.
2026-09-08 10:40:06,621 - INFO - Opening:  226489452114
2026-09-08 10:40:06,660 - INFO - Bypassed select buttons loop because Identification Details container is active.
2026-09-08 12:16:24,647 - INFO - Opening:  226487919888
2026-09-08 12:16:29,227 - INFO - Bypassed select buttons loop because Identification Details container is active.
2026-09-08 12:17:18,533 - INFO - Opening:  226487919888
2026-09-08 12:22:40,790 - INFO - Opening:  226487919888
2026-09-08 12:23:02,072 - INFO - Bypassed select buttons loop because Identification Details container is active.
2026-09-08 12:23:19,846 - INFO - Opening:  226487923313
2026-09-08 12:23:32,351 - INFO - Bypassed select buttons loop because Identification Details container is active.
2026-09-08 12:23:41,214 - INFO - Opening:  226487932918
2026-09-08 12:24:08,602 - INFO - Member in :  226487932918 : 6
2026-09-08 12:24:39,844 - INFO - screening for ['226487919888', '226487923313', '226487932918', '226487978667', '226488066768', '226488100552', '226488192724', '226488206098', '226488212849', '226488267470', '226488278049', '226488363287', '226488466477', '226488522164', '226488524446', '226488530628', '226488531971', '226488536337', '226488553581', '226488571491', '226488599210', '226488605255', '226488627867', '226488638425', '226488667057', '226488683672', '226488686448', '226488704366', '226488757370', '226488796887', '226488907313', '226488983851', '226489036405', '226489055671', '226489069015', '226489090524', '226489176840', '226489180457', '226489197725', '226489218964', '226489253499', '226489254753', '226489417513', '226489529321', '226489539898', '226489561982', '226489564289', '226489584256', '226489586112', '226489646226', '226489679133', '226489702521', '226489736524', '226489776416', '226489795683', '226489826479', '226489878451', '226489903241', '226489917157', '226489984089', '226481031582', '226481086311', '226481246697', '226481287369', '226481295091', '226481329177', '226481370727', '226481445235', '226481475437', '226481490056', '226481498137', '226481538910', '226481568664', '226481731382', '226481767777', '226481783742', '226481816740', '226481914283', '226481931836', '226482100875', '226482205405', '226482214647', '226482219572', '226482331544', '226482465109', '226482473179', '226482486773', '226482597161', '226482597425', '226482648129', '226482662478', '226482714442', '226482748625', '226482834104', '226482918139', '226483056531', '226483111689', '226483187660', '226483197585', '226483346894', '226483360580', '226483400789', '226483585926', '226483646792', '226483652305', '226483661577', '226483783307', '226483976844', '226484272146', '226484319895', '226484355015', '226484394012', '226484530730', '226484597586', '226484643774', '226484663169', '226484776610', '22648482055', '226485316537', '226485593171', '226485593536', '226485632613', '226485706648', '226485732124', '226485747657', '226485821857', '226485851903', '226485879336', '226485991440', '226486053393', '226486077050', '226486162149', '226486247960', '226486260561', '226486261393', '226486397072', '226486515964', '226486535743', '226486580336', '226486632946', '226486668463', '226486799132', '226486849531', '226486853603', '226486873055', '226486938586', '226486943358', '226487015741', '226487080693', '226487102828', '226487197251', '226487202125', '226487253122', '226487256814', '226487388396', '226487447259', '226487591416', '226487626974', '226487650645', '226487666863', '226487678954', '226487742085', '226487762811', '226487805756', '226487864158', '226487893332', '226487990250', '226488039906', '226488053587', '226488085912', '226488093473', '226488106469', '226488122234', '226488123151', '226488266071', '226488311893', '226488425215', '226488549478', '226488613216', '226488617835', '226488658989', '226488752364', '226488772008', '226489043496', '226489082771', '226489316989', '226489395447', '226489512586', '226489616105', '226489710028', '226489742367', '226489807035', '226489843278', '226489871259', '226489919266', '226489928354', '226489993637', '226489452114']: 0
2026-09-08 12:29:49,324 - INFO - screening for ['226487919888', '226487923313', '226487932918', '226487978667', '226488066768', '226488100552', '226488192724', '226488206098', '226488212849', '226488267470', '226488278049', '226488363287', '226488466477', '226488522164', '226488524446', '226488530628', '226488531971', '226488536337', '226488553581', '226488571491', '226488599210', '226488605255', '226488627867', '226488638425', '226488667057', '226488683672', '226488686448', '226488704366', '226488757370', '226488796887', '226488907313', '226488983851', '226489036405', '226489055671', '226489069015', '226489090524', '226489176840', '226489180457', '226489197725', '226489218964', '226489253499', '226489254753', '226489417513', '226489529321', '226489539898', '226489561982', '226489564289', '226489584256', '226489586112', '226489646226', '226489679133', '226489702521', '226489736524', '226489776416', '226489795683', '226489826479', '226489878451', '226489903241', '226489917157', '226489984089', '226481031582', '226481086311', '226481246697', '226481287369', '226481295091', '226481329177', '226481370727', '226481445235', '226481475437', '226481490056', '226481498137', '226481538910', '226481568664', '226481731382', '226481767777', '226481783742', '226481816740', '226481914283', '226481931836', '226482100875', '226482205405', '226482214647', '226482219572', '226482331544', '226482465109', '226482473179', '226482486773', '226482597161', '226482597425', '226482648129', '226482662478', '226482714442', '226482748625', '226482834104', '226482918139', '226483056531', '226483111689', '226483187660', '226483197585', '226483346894', '226483360580', '226483400789', '226483585926', '226483646792', '226483652305', '226483661577', '226483783307', '226483976844', '226484272146', '226484319895', '226484355015', '226484394012', '226484530730', '226484597586', '226484643774', '226484663169', '226484776610', '22648482055', '226485316537', '226485593171', '226485593536', '226485632613', '226485706648', '226485732124', '226485747657', '226485821857', '226485851903', '226485879336', '226485991440', '226486053393', '226486077050', '226486162149', '226486247960', '226486260561', '226486261393', '226486397072', '226486515964', '226486535743', '226486580336', '226486632946', '226486668463', '226486799132', '226486849531', '226486853603', '226486873055', '226486938586', '226486943358', '226487015741', '226487080693', '226487102828', '226487197251', '226487202125', '226487253122', '226487256814', '226487388396', '226487447259', '226487591416', '226487626974', '226487650645', '226487666863', '226487678954', '226487742085', '226487762811', '226487805756', '226487864158', '226487893332', '226487990250', '226488039906', '226488053587', '226488085912', '226488093473', '226488106469', '226488122234', '226488123151', '226488266071', '226488311893', '226488425215', '226488549478', '226488613216', '226488617835', '226488658989', '226488752364', '226488772008', '226489043496', '226489082771', '226489316989', '226489395447', '226489512586', '226489616105', '226489710028', '226489742367', '226489807035', '226489843278', '226489871259', '226489919266', '226489928354', '226489993637', '226489452114']: 1
2026-09-08 12:30:08,354 - INFO - screening for ['226487919888', '226487923313', '226487932918', '226487978667', '226488066768', '226488100552', '226488192724', '226488206098', '226488212849', '226488267470', '226488278049', '226488363287', '226488466477', '226488522164', '226488524446', '226488530628', '226488531971', '226488536337', '226488553581', '226488571491', '226488599210', '226488605255', '226488627867', '226488638425', '226488667057', '226488683672', '226488686448', '226488704366', '226488757370', '226488796887', '226488907313', '226488983851', '226489036405', '226489055671', '226489069015', '226489090524', '226489176840', '226489180457', '226489197725', '226489218964', '226489253499', '226489254753', '226489417513', '226489529321', '226489539898', '226489561982', '226489564289', '226489584256', '226489586112', '226489646226', '226489679133', '226489702521', '226489736524', '226489776416', '226489795683', '226489826479', '226489878451', '226489903241', '226489917157', '226489984089', '226481031582', '226481086311', '226481246697', '226481287369', '226481295091', '226481329177', '226481370727', '226481445235', '226481475437', '226481490056', '226481498137', '226481538910', '226481568664', '226481731382', '226481767777', '226481783742', '226481816740', '226481914283', '226481931836', '226482100875', '226482205405', '226482214647', '226482219572', '226482331544', '226482465109', '226482473179', '226482486773', '226482597161', '226482597425', '226482648129', '226482662478', '226482714442', '226482748625', '226482834104', '226482918139', '226483056531', '226483111689', '226483187660', '226483197585', '226483346894', '226483360580', '226483400789', '226483585926', '226483646792', '226483652305', '226483661577', '226483783307', '226483976844', '226484272146', '226484319895', '226484355015', '226484394012', '226484530730', '226484597586', '226484643774', '226484663169', '226484776610', '22648482055', '226485316537', '226485593171', '226485593536', '226485632613', '226485706648', '226485732124', '226485747657', '226485821857', '226485851903', '226485879336', '226485991440', '226486053393', '226486077050', '226486162149', '226486247960', '226486260561', '226486261393', '226486397072', '226486515964', '226486535743', '226486580336', '226486632946', '226486668463', '226486799132', '226486849531', '226486853603', '226486873055', '226486938586', '226486943358', '226487015741', '226487080693', '226487102828', '226487197251', '226487202125', '226487253122', '226487256814', '226487388396', '226487447259', '226487591416', '226487626974', '226487650645', '226487666863', '226487678954', '226487742085', '226487762811', '226487805756', '226487864158', '226487893332', '226487990250', '226488039906', '226488053587', '226488085912', '226488093473', '226488106469', '226488122234', '226488123151', '226488266071', '226488311893', '226488425215', '226488549478', '226488613216', '226488617835', '226488658989', '226488752364', '226488772008', '226489043496', '226489082771', '226489316989', '226489395447', '226489512586', '226489616105', '226489710028', '226489742367', '226489807035', '226489843278', '226489871259', '226489919266', '226489928354', '226489993637', '226489452114']: 2
2026-09-08 12:30:26,302 - INFO - screening for ['226487919888', '226487923313', '226487932918', '226487978667', '226488066768', '226488100552', '226488192724', '226488206098', '226488212849', '226488267470', '226488278049', '226488363287', '226488466477', '226488522164', '226488524446', '226488530628', '226488531971', '226488536337', '226488553581', '226488571491', '226488599210', '226488605255', '226488627867', '226488638425', '226488667057', '226488683672', '226488686448', '226488704366', '226488757370', '226488796887', '226488907313', '226488983851', '226489036405', '226489055671', '226489069015', '226489090524', '226489176840', '226489180457', '226489197725', '226489218964', '226489253499', '226489254753', '226489417513', '226489529321', '226489539898', '226489561982', '226489564289', '226489584256', '226489586112', '226489646226', '226489679133', '226489702521', '226489736524', '226489776416', '226489795683', '226489826479', '226489878451', '226489903241', '226489917157', '226489984089', '226481031582', '226481086311', '226481246697', '226481287369', '226481295091', '226481329177', '226481370727', '226481445235', '226481475437', '226481490056', '226481498137', '226481538910', '226481568664', '226481731382', '226481767777', '226481783742', '226481816740', '226481914283', '226481931836', '226482100875', '226482205405', '226482214647', '226482219572', '226482331544', '226482465109', '226482473179', '226482486773', '226482597161', '226482597425', '226482648129', '226482662478', '226482714442', '226482748625', '226482834104', '226482918139', '226483056531', '226483111689', '226483187660', '226483197585', '226483346894', '226483360580', '226483400789', '226483585926', '226483646792', '226483652305', '226483661577', '226483783307', '226483976844', '226484272146', '226484319895', '226484355015', '226484394012', '226484530730', '226484597586', '226484643774', '226484663169', '226484776610', '22648482055', '226485316537', '226485593171', '226485593536', '226485632613', '226485706648', '226485732124', '226485747657', '226485821857', '226485851903', '226485879336', '226485991440', '226486053393', '226486077050', '226486162149', '226486247960', '226486260561', '226486261393', '226486397072', '226486515964', '226486535743', '226486580336', '226486632946', '226486668463', '226486799132', '226486849531', '226486853603', '226486873055', '226486938586', '226486943358', '226487015741', '226487080693', '226487102828', '226487197251', '226487202125', '226487253122', '226487256814', '226487388396', '226487447259', '226487591416', '226487626974', '226487650645', '226487666863', '226487678954', '226487742085', '226487762811', '226487805756', '226487864158', '226487893332', '226487990250', '226488039906', '226488053587', '226488085912', '226488093473', '226488106469', '226488122234', '226488123151', '226488266071', '226488311893', '226488425215', '226488549478', '226488613216', '226488617835', '226488658989', '226488752364', '226488772008', '226489043496', '226489082771', '226489316989', '226489395447', '226489512586', '226489616105', '226489710028', '226489742367', '226489807035', '226489843278', '226489871259', '226489919266', '226489928354', '226489993637', '226489452114']: 3
2026-09-08 12:30:44,231 - INFO - screening for ['226487919888', '226487923313', '226487932918', '226487978667', '226488066768', '226488100552', '226488192724', '226488206098', '226488212849', '226488267470', '226488278049', '226488363287', '226488466477', '226488522164', '226488524446', '226488530628', '226488531971', '226488536337', '226488553581', '226488571491', '226488599210', '226488605255', '226488627867', '226488638425', '226488667057', '226488683672', '226488686448', '226488704366', '226488757370', '226488796887', '226488907313', '226488983851', '226489036405', '226489055671', '226489069015', '226489090524', '226489176840', '226489180457', '226489197725', '226489218964', '226489253499', '226489254753', '226489417513', '226489529321', '226489539898', '226489561982', '226489564289', '226489584256', '226489586112', '226489646226', '226489679133', '226489702521', '226489736524', '226489776416', '226489795683', '226489826479', '226489878451', '226489903241', '226489917157', '226489984089', '226481031582', '226481086311', '226481246697', '226481287369', '226481295091', '226481329177', '226481370727', '226481445235', '226481475437', '226481490056', '226481498137', '226481538910', '226481568664', '226481731382', '226481767777', '226481783742', '226481816740', '226481914283', '226481931836', '226482100875', '226482205405', '226482214647', '226482219572', '226482331544', '226482465109', '226482473179', '226482486773', '226482597161', '226482597425', '226482648129', '226482662478', '226482714442', '226482748625', '226482834104', '226482918139', '226483056531', '226483111689', '226483187660', '226483197585', '226483346894', '226483360580', '226483400789', '226483585926', '226483646792', '226483652305', '226483661577', '226483783307', '226483976844', '226484272146', '226484319895', '226484355015', '226484394012', '226484530730', '226484597586', '226484643774', '226484663169', '226484776610', '22648482055', '226485316537', '226485593171', '226485593536', '226485632613', '226485706648', '226485732124', '226485747657', '226485821857', '226485851903', '226485879336', '226485991440', '226486053393', '226486077050', '226486162149', '226486247960', '226486260561', '226486261393', '226486397072', '226486515964', '226486535743', '226486580336', '226486632946', '226486668463', '226486799132', '226486849531', '226486853603', '226486873055', '226486938586', '226486943358', '226487015741', '226487080693', '226487102828', '226487197251', '226487202125', '226487253122', '226487256814', '226487388396', '226487447259', '226487591416', '226487626974', '226487650645', '226487666863', '226487678954', '226487742085', '226487762811', '226487805756', '226487864158', '226487893332', '226487990250', '226488039906', '226488053587', '226488085912', '226488093473', '226488106469', '226488122234', '226488123151', '226488266071', '226488311893', '226488425215', '226488549478', '226488613216', '226488617835', '226488658989', '226488752364', '226488772008', '226489043496', '226489082771', '226489316989', '226489395447', '226489512586', '226489616105', '226489710028', '226489742367', '226489807035', '226489843278', '226489871259', '226489919266', '226489928354', '226489993637', '226489452114']: 4
2026-09-08 12:31:01,811 - INFO - screening for ['226487919888', '226487923313', '226487932918', '226487978667', '226488066768', '226488100552', '226488192724', '226488206098', '226488212849', '226488267470', '226488278049', '226488363287', '226488466477', '226488522164', '226488524446', '226488530628', '226488531971', '226488536337', '226488553581', '226488571491', '226488599210', '226488605255', '226488627867', '226488638425', '226488667057', '226488683672', '226488686448', '226488704366', '226488757370', '226488796887', '226488907313', '226488983851', '226489036405', '226489055671', '226489069015', '226489090524', '226489176840', '226489180457', '226489197725', '226489218964', '226489253499', '226489254753', '226489417513', '226489529321', '226489539898', '226489561982', '226489564289', '226489584256', '226489586112', '226489646226', '226489679133', '226489702521', '226489736524', '226489776416', '226489795683', '226489826479', '226489878451', '226489903241', '226489917157', '226489984089', '226481031582', '226481086311', '226481246697', '226481287369', '226481295091', '226481329177', '226481370727', '226481445235', '226481475437', '226481490056', '226481498137', '226481538910', '226481568664', '226481731382', '226481767777', '226481783742', '226481816740', '226481914283', '226481931836', '226482100875', '226482205405', '226482214647', '226482219572', '226482331544', '226482465109', '226482473179', '226482486773', '226482597161', '226482597425', '226482648129', '226482662478', '226482714442', '226482748625', '226482834104', '226482918139', '226483056531', '226483111689', '226483187660', '226483197585', '226483346894', '226483360580', '226483400789', '226483585926', '226483646792', '226483652305', '226483661577', '226483783307', '226483976844', '226484272146', '226484319895', '226484355015', '226484394012', '226484530730', '226484597586', '226484643774', '226484663169', '226484776610', '22648482055', '226485316537', '226485593171', '226485593536', '226485632613', '226485706648', '226485732124', '226485747657', '226485821857', '226485851903', '226485879336', '226485991440', '226486053393', '226486077050', '226486162149', '226486247960', '226486260561', '226486261393', '226486397072', '226486515964', '226486535743', '226486580336', '226486632946', '226486668463', '226486799132', '226486849531', '226486853603', '226486873055', '226486938586', '226486943358', '226487015741', '226487080693', '226487102828', '226487197251', '226487202125', '226487253122', '226487256814', '226487388396', '226487447259', '226487591416', '226487626974', '226487650645', '226487666863', '226487678954', '226487742085', '226487762811', '226487805756', '226487864158', '226487893332', '226487990250', '226488039906', '226488053587', '226488085912', '226488093473', '226488106469', '226488122234', '226488123151', '226488266071', '226488311893', '226488425215', '226488549478', '226488613216', '226488617835', '226488658989', '226488752364', '226488772008', '226489043496', '226489082771', '226489316989', '226489395447', '226489512586', '226489616105', '226489710028', '226489742367', '226489807035', '226489843278', '226489871259', '226489919266', '226489928354', '226489993637', '226489452114']: 5
2026-09-08 12:31:18,896 - INFO - Opening:  226487978667
2026-09-08 12:32:40,025 - INFO - Opening:  226488066768
2026-09-08 12:33:04,219 - INFO - Member in :  226488066768 : 4
2026-09-08 12:33:16,744 - INFO - screening for ['226487919888', '226487923313', '226487932918', '226487978667', '226488066768', '226488100552', '226488192724', '226488206098', '226488212849', '226488267470', '226488278049', '226488363287', '226488466477', '226488522164', '226488524446', '226488530628', '226488531971', '226488536337', '226488553581', '226488571491', '226488599210', '226488605255', '226488627867', '226488638425', '226488667057', '226488683672', '226488686448', '226488704366', '226488757370', '226488796887', '226488907313', '226488983851', '226489036405', '226489055671', '226489069015', '226489090524', '226489176840', '226489180457', '226489197725', '226489218964', '226489253499', '226489254753', '226489417513', '226489529321', '226489539898', '226489561982', '226489564289', '226489584256', '226489586112', '226489646226', '226489679133', '226489702521', '226489736524', '226489776416', '226489795683', '226489826479', '226489878451', '226489903241', '226489917157', '226489984089', '226481031582', '226481086311', '226481246697', '226481287369', '226481295091', '226481329177', '226481370727', '226481445235', '226481475437', '226481490056', '226481498137', '226481538910', '226481568664', '226481731382', '226481767777', '226481783742', '226481816740', '226481914283', '226481931836', '226482100875', '226482205405', '226482214647', '226482219572', '226482331544', '226482465109', '226482473179', '226482486773', '226482597161', '226482597425', '226482648129', '226482662478', '226482714442', '226482748625', '226482834104', '226482918139', '226483056531', '226483111689', '226483187660', '226483197585', '226483346894', '226483360580', '226483400789', '226483585926', '226483646792', '226483652305', '226483661577', '226483783307', '226483976844', '226484272146', '226484319895', '226484355015', '226484394012', '226484530730', '226484597586', '226484643774', '226484663169', '226484776610', '22648482055', '226485316537', '226485593171', '226485593536', '226485632613', '226485706648', '226485732124', '226485747657', '226485821857', '226485851903', '226485879336', '226485991440', '226486053393', '226486077050', '226486162149', '226486247960', '226486260561', '226486261393', '226486397072', '226486515964', '226486535743', '226486580336', '226486632946', '226486668463', '226486799132', '226486849531', '226486853603', '226486873055', '226486938586', '226486943358', '226487015741', '226487080693', '226487102828', '226487197251', '226487202125', '226487253122', '226487256814', '226487388396', '226487447259', '226487591416', '226487626974', '226487650645', '226487666863', '226487678954', '226487742085', '226487762811', '226487805756', '226487864158', '226487893332', '226487990250', '226488039906', '226488053587', '226488085912', '226488093473', '226488106469', '226488122234', '226488123151', '226488266071', '226488311893', '226488425215', '226488549478', '226488613216', '226488617835', '226488658989', '226488752364', '226488772008', '226489043496', '226489082771', '226489316989', '226489395447', '226489512586', '226489616105', '226489710028', '226489742367', '226489807035', '226489843278', '226489871259', '226489919266', '226489928354', '226489993637', '226489452114']: 0
2026-09-08 12:33:34,172 - INFO - screening for ['226487919888', '226487923313', '226487932918', '226487978667', '226488066768', '226488100552', '226488192724', '226488206098', '226488212849', '226488267470', '226488278049', '226488363287', '226488466477', '226488522164', '226488524446', '226488530628', '226488531971', '226488536337', '226488553581', '226488571491', '226488599210', '226488605255', '226488627867', '226488638425', '226488667057', '226488683672', '226488686448', '226488704366', '226488757370', '226488796887', '226488907313', '226488983851', '226489036405', '226489055671', '226489069015', '226489090524', '226489176840', '226489180457', '226489197725', '226489218964', '226489253499', '226489254753', '226489417513', '226489529321', '226489539898', '226489561982', '226489564289', '226489584256', '226489586112', '226489646226', '226489679133', '226489702521', '226489736524', '226489776416', '226489795683', '226489826479', '226489878451', '226489903241', '226489917157', '226489984089', '226481031582', '226481086311', '226481246697', '226481287369', '226481295091', '226481329177', '226481370727', '226481445235', '226481475437', '226481490056', '226481498137', '226481538910', '226481568664', '226481731382', '226481767777', '226481783742', '226481816740', '226481914283', '226481931836', '226482100875', '226482205405', '226482214647', '226482219572', '226482331544', '226482465109', '226482473179', '226482486773', '226482597161', '226482597425', '226482648129', '226482662478', '226482714442', '226482748625', '226482834104', '226482918139', '226483056531', '226483111689', '226483187660', '226483197585', '226483346894', '226483360580', '226483400789', '226483585926', '226483646792', '226483652305', '226483661577', '226483783307', '226483976844', '226484272146', '226484319895', '226484355015', '226484394012', '226484530730', '226484597586', '226484643774', '226484663169', '226484776610', '22648482055', '226485316537', '226485593171', '226485593536', '226485632613', '226485706648', '226485732124', '226485747657', '226485821857', '226485851903', '226485879336', '226485991440', '226486053393', '226486077050', '226486162149', '226486247960', '226486260561', '226486261393', '226486397072', '226486515964', '226486535743', '226486580336', '226486632946', '226486668463', '226486799132', '226486849531', '226486853603', '226486873055', '226486938586', '226486943358', '226487015741', '226487080693', '226487102828', '226487197251', '226487202125', '226487253122', '226487256814', '226487388396', '226487447259', '226487591416', '226487626974', '226487650645', '226487666863', '226487678954', '226487742085', '226487762811', '226487805756', '226487864158', '226487893332', '226487990250', '226488039906', '226488053587', '226488085912', '226488093473', '226488106469', '226488122234', '226488123151', '226488266071', '226488311893', '226488425215', '226488549478', '226488613216', '226488617835', '226488658989', '226488752364', '226488772008', '226489043496', '226489082771', '226489316989', '226489395447', '226489512586', '226489616105', '226489710028', '226489742367', '226489807035', '226489843278', '226489871259', '226489919266', '226489928354', '226489993637', '226489452114']: 1
2026-09-08 12:34:01,193 - INFO - screening for ['226487919888', '226487923313', '226487932918', '226487978667', '226488066768', '226488100552', '226488192724', '226488206098', '226488212849', '226488267470', '226488278049', '226488363287', '226488466477', '226488522164', '226488524446', '226488530628', '226488531971', '226488536337', '226488553581', '226488571491', '226488599210', '226488605255', '226488627867', '226488638425', '226488667057', '226488683672', '226488686448', '226488704366', '226488757370', '226488796887', '226488907313', '226488983851', '226489036405', '226489055671', '226489069015', '226489090524', '226489176840', '226489180457', '226489197725', '226489218964', '226489253499', '226489254753', '226489417513', '226489529321', '226489539898', '226489561982', '226489564289', '226489584256', '226489586112', '226489646226', '226489679133', '226489702521', '226489736524', '226489776416', '226489795683', '226489826479', '226489878451', '226489903241', '226489917157', '226489984089', '226481031582', '226481086311', '226481246697', '226481287369', '226481295091', '226481329177', '226481370727', '226481445235', '226481475437', '226481490056', '226481498137', '226481538910', '226481568664', '226481731382', '226481767777', '226481783742', '226481816740', '226481914283', '226481931836', '226482100875', '226482205405', '226482214647', '226482219572', '226482331544', '226482465109', '226482473179', '226482486773', '226482597161', '226482597425', '226482648129', '226482662478', '226482714442', '226482748625', '226482834104', '226482918139', '226483056531', '226483111689', '226483187660', '226483197585', '226483346894', '226483360580', '226483400789', '226483585926', '226483646792', '226483652305', '226483661577', '226483783307', '226483976844', '226484272146', '226484319895', '226484355015', '226484394012', '226484530730', '226484597586', '226484643774', '226484663169', '226484776610', '22648482055', '226485316537', '226485593171', '226485593536', '226485632613', '226485706648', '226485732124', '226485747657', '226485821857', '226485851903', '226485879336', '226485991440', '226486053393', '226486077050', '226486162149', '226486247960', '226486260561', '226486261393', '226486397072', '226486515964', '226486535743', '226486580336', '226486632946', '226486668463', '226486799132', '226486849531', '226486853603', '226486873055', '226486938586', '226486943358', '226487015741', '226487080693', '226487102828', '226487197251', '226487202125', '226487253122', '226487256814', '226487388396', '226487447259', '226487591416', '226487626974', '226487650645', '226487666863', '226487678954', '226487742085', '226487762811', '226487805756', '226487864158', '226487893332', '226487990250', '226488039906', '226488053587', '226488085912', '226488093473', '226488106469', '226488122234', '226488123151', '226488266071', '226488311893', '226488425215', '226488549478', '226488613216', '226488617835', '226488658989', '226488752364', '226488772008', '226489043496', '226489082771', '226489316989', '226489395447', '226489512586', '226489616105', '226489710028', '226489742367', '226489807035', '226489843278', '226489871259', '226489919266', '226489928354', '226489993637', '226489452114']: 2
2026-09-08 12:34:18,236 - INFO - screening for ['226487919888', '226487923313', '226487932918', '226487978667', '226488066768', '226488100552', '226488192724', '226488206098', '226488212849', '226488267470', '226488278049', '226488363287', '226488466477', '226488522164', '226488524446', '226488530628', '226488531971', '226488536337', '226488553581', '226488571491', '226488599210', '226488605255', '226488627867', '226488638425', '226488667057', '226488683672', '226488686448', '226488704366', '226488757370', '226488796887', '226488907313', '226488983851', '226489036405', '226489055671', '226489069015', '226489090524', '226489176840', '226489180457', '226489197725', '226489218964', '226489253499', '226489254753', '226489417513', '226489529321', '226489539898', '226489561982', '226489564289', '226489584256', '226489586112', '226489646226', '226489679133', '226489702521', '226489736524', '226489776416', '226489795683', '226489826479', '226489878451', '226489903241', '226489917157', '226489984089', '226481031582', '226481086311', '226481246697', '226481287369', '226481295091', '226481329177', '226481370727', '226481445235', '226481475437', '226481490056', '226481498137', '226481538910', '226481568664', '226481731382', '226481767777', '226481783742', '226481816740', '226481914283', '226481931836', '226482100875', '226482205405', '226482214647', '226482219572', '226482331544', '226482465109', '226482473179', '226482486773', '226482597161', '226482597425', '226482648129', '226482662478', '226482714442', '226482748625', '226482834104', '226482918139', '226483056531', '226483111689', '226483187660', '226483197585', '226483346894', '226483360580', '226483400789', '226483585926', '226483646792', '226483652305', '226483661577', '226483783307', '226483976844', '226484272146', '226484319895', '226484355015', '226484394012', '226484530730', '226484597586', '226484643774', '226484663169', '226484776610', '22648482055', '226485316537', '226485593171', '226485593536', '226485632613', '226485706648', '226485732124', '226485747657', '226485821857', '226485851903', '226485879336', '226485991440', '226486053393', '226486077050', '226486162149', '226486247960', '226486260561', '226486261393', '226486397072', '226486515964', '226486535743', '226486580336', '226486632946', '226486668463', '226486799132', '226486849531', '226486853603', '226486873055', '226486938586', '226486943358', '226487015741', '226487080693', '226487102828', '226487197251', '226487202125', '226487253122', '226487256814', '226487388396', '226487447259', '226487591416', '226487626974', '226487650645', '226487666863', '226487678954', '226487742085', '226487762811', '226487805756', '226487864158', '226487893332', '226487990250', '226488039906', '226488053587', '226488085912', '226488093473', '226488106469', '226488122234', '226488123151', '226488266071', '226488311893', '226488425215', '226488549478', '226488613216', '226488617835', '226488658989', '226488752364', '226488772008', '226489043496', '226489082771', '226489316989', '226489395447', '226489512586', '226489616105', '226489710028', '226489742367', '226489807035', '226489843278', '226489871259', '226489919266', '226489928354', '226489993637', '226489452114']: 3
2026-09-08 12:34:25,822 - INFO - Opening:  226488100552
2026-09-08 12:34:43,365 - INFO - Bypassed select buttons loop because Identification Details container is active.
2026-09-08 12:34:57,573 - INFO - Opening:  226488192724
2026-09-08 12:35:26,962 - INFO - Opening:  226488206098
2026-09-08 12:35:51,938 - INFO - Member in :  226488206098 : 4
2026-09-08 12:36:04,473 - INFO - screening for ['226487919888', '226487923313', '226487932918', '226487978667', '226488066768', '226488100552', '226488192724', '226488206098', '226488212849', '226488267470', '226488278049', '226488363287', '226488466477', '226488522164', '226488524446', '226488530628', '226488531971', '226488536337', '226488553581', '226488571491', '226488599210', '226488605255', '226488627867', '226488638425', '226488667057', '226488683672', '226488686448', '226488704366', '226488757370', '226488796887', '226488907313', '226488983851', '226489036405', '226489055671', '226489069015', '226489090524', '226489176840', '226489180457', '226489197725', '226489218964', '226489253499', '226489254753', '226489417513', '226489529321', '226489539898', '226489561982', '226489564289', '226489584256', '226489586112', '226489646226', '226489679133', '226489702521', '226489736524', '226489776416', '226489795683', '226489826479', '226489878451', '226489903241', '226489917157', '226489984089', '226481031582', '226481086311', '226481246697', '226481287369', '226481295091', '226481329177', '226481370727', '226481445235', '226481475437', '226481490056', '226481498137', '226481538910', '226481568664', '226481731382', '226481767777', '226481783742', '226481816740', '226481914283', '226481931836', '226482100875', '226482205405', '226482214647', '226482219572', '226482331544', '226482465109', '226482473179', '226482486773', '226482597161', '226482597425', '226482648129', '226482662478', '226482714442', '226482748625', '226482834104', '226482918139', '226483056531', '226483111689', '226483187660', '226483197585', '226483346894', '226483360580', '226483400789', '226483585926', '226483646792', '226483652305', '226483661577', '226483783307', '226483976844', '226484272146', '226484319895', '226484355015', '226484394012', '226484530730', '226484597586', '226484643774', '226484663169', '226484776610', '22648482055', '226485316537', '226485593171', '226485593536', '226485632613', '226485706648', '226485732124', '226485747657', '226485821857', '226485851903', '226485879336', '226485991440', '226486053393', '226486077050', '226486162149', '226486247960', '226486260561', '226486261393', '226486397072', '226486515964', '226486535743', '226486580336', '226486632946', '226486668463', '226486799132', '226486849531', '226486853603', '226486873055', '226486938586', '226486943358', '226487015741', '226487080693', '226487102828', '226487197251', '226487202125', '226487253122', '226487256814', '226487388396', '226487447259', '226487591416', '226487626974', '226487650645', '226487666863', '226487678954', '226487742085', '226487762811', '226487805756', '226487864158', '226487893332', '226487990250', '226488039906', '226488053587', '226488085912', '226488093473', '226488106469', '226488122234', '226488123151', '226488266071', '226488311893', '226488425215', '226488549478', '226488613216', '226488617835', '226488658989', '226488752364', '226488772008', '226489043496', '226489082771', '226489316989', '226489395447', '226489512586', '226489616105', '226489710028', '226489742367', '226489807035', '226489843278', '226489871259', '226489919266', '226489928354', '226489993637', '226489452114']: 0
2026-09-08 12:36:31,685 - INFO - screening for ['226487919888', '226487923313', '226487932918', '226487978667', '226488066768', '226488100552', '226488192724', '226488206098', '226488212849', '226488267470', '226488278049', '226488363287', '226488466477', '226488522164', '226488524446', '226488530628', '226488531971', '226488536337', '226488553581', '226488571491', '226488599210', '226488605255', '226488627867', '226488638425', '226488667057', '226488683672', '226488686448', '226488704366', '226488757370', '226488796887', '226488907313', '226488983851', '226489036405', '226489055671', '226489069015', '226489090524', '226489176840', '226489180457', '226489197725', '226489218964', '226489253499', '226489254753', '226489417513', '226489529321', '226489539898', '226489561982', '226489564289', '226489584256', '226489586112', '226489646226', '226489679133', '226489702521', '226489736524', '226489776416', '226489795683', '226489826479', '226489878451', '226489903241', '226489917157', '226489984089', '226481031582', '226481086311', '226481246697', '226481287369', '226481295091', '226481329177', '226481370727', '226481445235', '226481475437', '226481490056', '226481498137', '226481538910', '226481568664', '226481731382', '226481767777', '226481783742', '226481816740', '226481914283', '226481931836', '226482100875', '226482205405', '226482214647', '226482219572', '226482331544', '226482465109', '226482473179', '226482486773', '226482597161', '226482597425', '226482648129', '226482662478', '226482714442', '226482748625', '226482834104', '226482918139', '226483056531', '226483111689', '226483187660', '226483197585', '226483346894', '226483360580', '226483400789', '226483585926', '226483646792', '226483652305', '226483661577', '226483783307', '226483976844', '226484272146', '226484319895', '226484355015', '226484394012', '226484530730', '226484597586', '226484643774', '226484663169', '226484776610', '22648482055', '226485316537', '226485593171', '226485593536', '226485632613', '226485706648', '226485732124', '226485747657', '226485821857', '226485851903', '226485879336', '226485991440', '226486053393', '226486077050', '226486162149', '226486247960', '226486260561', '226486261393', '226486397072', '226486515964', '226486535743', '226486580336', '226486632946', '226486668463', '226486799132', '226486849531', '226486853603', '226486873055', '226486938586', '226486943358', '226487015741', '226487080693', '226487102828', '226487197251', '226487202125', '226487253122', '226487256814', '226487388396', '226487447259', '226487591416', '226487626974', '226487650645', '226487666863', '226487678954', '226487742085', '226487762811', '226487805756', '226487864158', '226487893332', '226487990250', '226488039906', '226488053587', '226488085912', '226488093473', '226488106469', '226488122234', '226488123151', '226488266071', '226488311893', '226488425215', '226488549478', '226488613216', '226488617835', '226488658989', '226488752364', '226488772008', '226489043496', '226489082771', '226489316989', '226489395447', '226489512586', '226489616105', '226489710028', '226489742367', '226489807035', '226489843278', '226489871259', '226489919266', '226489928354', '226489993637', '226489452114']: 1
2026-09-08 12:36:49,625 - INFO - screening for ['226487919888', '226487923313', '226487932918', '226487978667', '226488066768', '226488100552', '226488192724', '226488206098', '226488212849', '226488267470', '226488278049', '226488363287', '226488466477', '226488522164', '226488524446', '226488530628', '226488531971', '226488536337', '226488553581', '226488571491', '226488599210', '226488605255', '226488627867', '226488638425', '226488667057', '226488683672', '226488686448', '226488704366', '226488757370', '226488796887', '226488907313', '226488983851', '226489036405', '226489055671', '226489069015', '226489090524', '226489176840', '226489180457', '226489197725', '226489218964', '226489253499', '226489254753', '226489417513', '226489529321', '226489539898', '226489561982', '226489564289', '226489584256', '226489586112', '226489646226', '226489679133', '226489702521', '226489736524', '226489776416', '226489795683', '226489826479', '226489878451', '226489903241', '226489917157', '226489984089', '226481031582', '226481086311', '226481246697', '226481287369', '226481295091', '226481329177', '226481370727', '226481445235', '226481475437', '226481490056', '226481498137', '226481538910', '226481568664', '226481731382', '226481767777', '226481783742', '226481816740', '226481914283', '226481931836', '226482100875', '226482205405', '226482214647', '226482219572', '226482331544', '226482465109', '226482473179', '226482486773', '226482597161', '226482597425', '226482648129', '226482662478', '226482714442', '226482748625', '226482834104', '226482918139', '226483056531', '226483111689', '226483187660', '226483197585', '226483346894', '226483360580', '226483400789', '226483585926', '226483646792', '226483652305', '226483661577', '226483783307', '226483976844', '226484272146', '226484319895', '226484355015', '226484394012', '226484530730', '226484597586', '226484643774', '226484663169', '226484776610', '22648482055', '226485316537', '226485593171', '226485593536', '226485632613', '226485706648', '226485732124', '226485747657', '226485821857', '226485851903', '226485879336', '226485991440', '226486053393', '226486077050', '226486162149', '226486247960', '226486260561', '226486261393', '226486397072', '226486515964', '226486535743', '226486580336', '226486632946', '226486668463', '226486799132', '226486849531', '226486853603', '226486873055', '226486938586', '226486943358', '226487015741', '226487080693', '226487102828', '226487197251', '226487202125', '226487253122', '226487256814', '226487388396', '226487447259', '226487591416', '226487626974', '226487650645', '226487666863', '226487678954', '226487742085', '226487762811', '226487805756', '226487864158', '226487893332', '226487990250', '226488039906', '226488053587', '226488085912', '226488093473', '226488106469', '226488122234', '226488123151', '226488266071', '226488311893', '226488425215', '226488549478', '226488613216', '226488617835', '226488658989', '226488752364', '226488772008', '226489043496', '226489082771', '226489316989', '226489395447', '226489512586', '226489616105', '226489710028', '226489742367', '226489807035', '226489843278', '226489871259', '226489919266', '226489928354', '226489993637', '226489452114']: 2
2026-09-08 12:37:08,197 - INFO - screening for ['226487919888', '226487923313', '226487932918', '226487978667', '226488066768', '226488100552', '226488192724', '226488206098', '226488212849', '226488267470', '226488278049', '226488363287', '226488466477', '226488522164', '226488524446', '226488530628', '226488531971', '226488536337', '226488553581', '226488571491', '226488599210', '226488605255', '226488627867', '226488638425', '226488667057', '226488683672', '226488686448', '226488704366', '226488757370', '226488796887', '226488907313', '226488983851', '226489036405', '226489055671', '226489069015', '226489090524', '226489176840', '226489180457', '226489197725', '226489218964', '226489253499', '226489254753', '226489417513', '226489529321', '226489539898', '226489561982', '226489564289', '226489584256', '226489586112', '226489646226', '226489679133', '226489702521', '226489736524', '226489776416', '226489795683', '226489826479', '226489878451', '226489903241', '226489917157', '226489984089', '226481031582', '226481086311', '226481246697', '226481287369', '226481295091', '226481329177', '226481370727', '226481445235', '226481475437', '226481490056', '226481498137', '226481538910', '226481568664', '226481731382', '226481767777', '226481783742', '226481816740', '226481914283', '226481931836', '226482100875', '226482205405', '226482214647', '226482219572', '226482331544', '226482465109', '226482473179', '226482486773', '226482597161', '226482597425', '226482648129', '226482662478', '226482714442', '226482748625', '226482834104', '226482918139', '226483056531', '226483111689', '226483187660', '226483197585', '226483346894', '226483360580', '226483400789', '226483585926', '226483646792', '226483652305', '226483661577', '226483783307', '226483976844', '226484272146', '226484319895', '226484355015', '226484394012', '226484530730', '226484597586', '226484643774', '226484663169', '226484776610', '22648482055', '226485316537', '226485593171', '226485593536', '226485632613', '226485706648', '226485732124', '226485747657', '226485821857', '226485851903', '226485879336', '226485991440', '226486053393', '226486077050', '226486162149', '226486247960', '226486260561', '226486261393', '226486397072', '226486515964', '226486535743', '226486580336', '226486632946', '226486668463', '226486799132', '226486849531', '226486853603', '226486873055', '226486938586', '226486943358', '226487015741', '226487080693', '226487102828', '226487197251', '226487202125', '226487253122', '226487256814', '226487388396', '226487447259', '226487591416', '226487626974', '226487650645', '226487666863', '226487678954', '226487742085', '226487762811', '226487805756', '226487864158', '226487893332', '226487990250', '226488039906', '226488053587', '226488085912', '226488093473', '226488106469', '226488122234', '226488123151', '226488266071', '226488311893', '226488425215', '226488549478', '226488613216', '226488617835', '226488658989', '226488752364', '226488772008', '226489043496', '226489082771', '226489316989', '226489395447', '226489512586', '226489616105', '226489710028', '226489742367', '226489807035', '226489843278', '226489871259', '226489919266', '226489928354', '226489993637', '226489452114']: 3
2026-09-08 12:37:25,247 - INFO - Opening:  226488212849
2026-09-08 12:38:09,485 - INFO - Bypassed select buttons loop because Identification Details container is active.
2026-09-08 12:38:14,218 - INFO - Opening:  226488267470
2026-09-08 12:39:29,945 - INFO - Opening:  226488278049
2026-09-08 12:39:48,907 - INFO - Member in :  226488278049 : 3
2026-09-08 12:40:01,476 - INFO - screening for ['226487919888', '226487923313', '226487932918', '226487978667', '226488066768', '226488100552', '226488192724', '226488206098', '226488212849', '226488267470', '226488278049', '226488363287', '226488466477', '226488522164', '226488524446', '226488530628', '226488531971', '226488536337', '226488553581', '226488571491', '226488599210', '226488605255', '226488627867', '226488638425', '226488667057', '226488683672', '226488686448', '226488704366', '226488757370', '226488796887', '226488907313', '226488983851', '226489036405', '226489055671', '226489069015', '226489090524', '226489176840', '226489180457', '226489197725', '226489218964', '226489253499', '226489254753', '226489417513', '226489529321', '226489539898', '226489561982', '226489564289', '226489584256', '226489586112', '226489646226', '226489679133', '226489702521', '226489736524', '226489776416', '226489795683', '226489826479', '226489878451', '226489903241', '226489917157', '226489984089', '226481031582', '226481086311', '226481246697', '226481287369', '226481295091', '226481329177', '226481370727', '226481445235', '226481475437', '226481490056', '226481498137', '226481538910', '226481568664', '226481731382', '226481767777', '226481783742', '226481816740', '226481914283', '226481931836', '226482100875', '226482205405', '226482214647', '226482219572', '226482331544', '226482465109', '226482473179', '226482486773', '226482597161', '226482597425', '226482648129', '226482662478', '226482714442', '226482748625', '226482834104', '226482918139', '226483056531', '226483111689', '226483187660', '226483197585', '226483346894', '226483360580', '226483400789', '226483585926', '226483646792', '226483652305', '226483661577', '226483783307', '226483976844', '226484272146', '226484319895', '226484355015', '226484394012', '226484530730', '226484597586', '226484643774', '226484663169', '226484776610', '22648482055', '226485316537', '226485593171', '226485593536', '226485632613', '226485706648', '226485732124', '226485747657', '226485821857', '226485851903', '226485879336', '226485991440', '226486053393', '226486077050', '226486162149', '226486247960', '226486260561', '226486261393', '226486397072', '226486515964', '226486535743', '226486580336', '226486632946', '226486668463', '226486799132', '226486849531', '226486853603', '226486873055', '226486938586', '226486943358', '226487015741', '226487080693', '226487102828', '226487197251', '226487202125', '226487253122', '226487256814', '226487388396', '226487447259', '226487591416', '226487626974', '226487650645', '226487666863', '226487678954', '226487742085', '226487762811', '226487805756', '226487864158', '226487893332', '226487990250', '226488039906', '226488053587', '226488085912', '226488093473', '226488106469', '226488122234', '226488123151', '226488266071', '226488311893', '226488425215', '226488549478', '226488613216', '226488617835', '226488658989', '226488752364', '226488772008', '226489043496', '226489082771', '226489316989', '226489395447', '226489512586', '226489616105', '226489710028', '226489742367', '226489807035', '226489843278', '226489871259', '226489919266', '226489928354', '226489993637', '226489452114']: 0
2026-09-08 12:40:18,869 - INFO - screening for ['226487919888', '226487923313', '226487932918', '226487978667', '226488066768', '226488100552', '226488192724', '226488206098', '226488212849', '226488267470', '226488278049', '226488363287', '226488466477', '226488522164', '226488524446', '226488530628', '226488531971', '226488536337', '226488553581', '226488571491', '226488599210', '226488605255', '226488627867', '226488638425', '226488667057', '226488683672', '226488686448', '226488704366', '226488757370', '226488796887', '226488907313', '226488983851', '226489036405', '226489055671', '226489069015', '226489090524', '226489176840', '226489180457', '226489197725', '226489218964', '226489253499', '226489254753', '226489417513', '226489529321', '226489539898', '226489561982', '226489564289', '226489584256', '226489586112', '226489646226', '226489679133', '226489702521', '226489736524', '226489776416', '226489795683', '226489826479', '226489878451', '226489903241', '226489917157', '226489984089', '226481031582', '226481086311', '226481246697', '226481287369', '226481295091', '226481329177', '226481370727', '226481445235', '226481475437', '226481490056', '226481498137', '226481538910', '226481568664', '226481731382', '226481767777', '226481783742', '226481816740', '226481914283', '226481931836', '226482100875', '226482205405', '226482214647', '226482219572', '226482331544', '226482465109', '226482473179', '226482486773', '226482597161', '226482597425', '226482648129', '226482662478', '226482714442', '226482748625', '226482834104', '226482918139', '226483056531', '226483111689', '226483187660', '226483197585', '226483346894', '226483360580', '226483400789', '226483585926', '226483646792', '226483652305', '226483661577', '226483783307', '226483976844', '226484272146', '226484319895', '226484355015', '226484394012', '226484530730', '226484597586', '226484643774', '226484663169', '226484776610', '22648482055', '226485316537', '226485593171', '226485593536', '226485632613', '226485706648', '226485732124', '226485747657', '226485821857', '226485851903', '226485879336', '226485991440', '226486053393', '226486077050', '226486162149', '226486247960', '226486260561', '226486261393', '226486397072', '226486515964', '226486535743', '226486580336', '226486632946', '226486668463', '226486799132', '226486849531', '226486853603', '226486873055', '226486938586', '226486943358', '226487015741', '226487080693', '226487102828', '226487197251', '226487202125', '226487253122', '226487256814', '226487388396', '226487447259', '226487591416', '226487626974', '226487650645', '226487666863', '226487678954', '226487742085', '226487762811', '226487805756', '226487864158', '226487893332', '226487990250', '226488039906', '226488053587', '226488085912', '226488093473', '226488106469', '226488122234', '226488123151', '226488266071', '226488311893', '226488425215', '226488549478', '226488613216', '226488617835', '226488658989', '226488752364', '226488772008', '226489043496', '226489082771', '226489316989', '226489395447', '226489512586', '226489616105', '226489710028', '226489742367', '226489807035', '226489843278', '226489871259', '226489919266', '226489928354', '226489993637', '226489452114']: 1
2026-09-08 12:40:36,384 - INFO - screening for ['226487919888', '226487923313', '226487932918', '226487978667', '226488066768', '226488100552', '226488192724', '226488206098', '226488212849', '226488267470', '226488278049', '226488363287', '226488466477', '226488522164', '226488524446', '226488530628', '226488531971', '226488536337', '226488553581', '226488571491', '226488599210', '226488605255', '226488627867', '226488638425', '226488667057', '226488683672', '226488686448', '226488704366', '226488757370', '226488796887', '226488907313', '226488983851', '226489036405', '226489055671', '226489069015', '226489090524', '226489176840', '226489180457', '226489197725', '226489218964', '226489253499', '226489254753', '226489417513', '226489529321', '226489539898', '226489561982', '226489564289', '226489584256', '226489586112', '226489646226', '226489679133', '226489702521', '226489736524', '226489776416', '226489795683', '226489826479', '226489878451', '226489903241', '226489917157', '226489984089', '226481031582', '226481086311', '226481246697', '226481287369', '226481295091', '226481329177', '226481370727', '226481445235', '226481475437', '226481490056', '226481498137', '226481538910', '226481568664', '226481731382', '226481767777', '226481783742', '226481816740', '226481914283', '226481931836', '226482100875', '226482205405', '226482214647', '226482219572', '226482331544', '226482465109', '226482473179', '226482486773', '226482597161', '226482597425', '226482648129', '226482662478', '226482714442', '226482748625', '226482834104', '226482918139', '226483056531', '226483111689', '226483187660', '226483197585', '226483346894', '226483360580', '226483400789', '226483585926', '226483646792', '226483652305', '226483661577', '226483783307', '226483976844', '226484272146', '226484319895', '226484355015', '226484394012', '226484530730', '226484597586', '226484643774', '226484663169', '226484776610', '22648482055', '226485316537', '226485593171', '226485593536', '226485632613', '226485706648', '226485732124', '226485747657', '226485821857', '226485851903', '226485879336', '226485991440', '226486053393', '226486077050', '226486162149', '226486247960', '226486260561', '226486261393', '226486397072', '226486515964', '226486535743', '226486580336', '226486632946', '226486668463', '226486799132', '226486849531', '226486853603', '226486873055', '226486938586', '226486943358', '226487015741', '226487080693', '226487102828', '226487197251', '226487202125', '226487253122', '226487256814', '226487388396', '226487447259', '226487591416', '226487626974', '226487650645', '226487666863', '226487678954', '226487742085', '226487762811', '226487805756', '226487864158', '226487893332', '226487990250', '226488039906', '226488053587', '226488085912', '226488093473', '226488106469', '226488122234', '226488123151', '226488266071', '226488311893', '226488425215', '226488549478', '226488613216', '226488617835', '226488658989', '226488752364', '226488772008', '226489043496', '226489082771', '226489316989', '226489395447', '226489512586', '226489616105', '226489710028', '226489742367', '226489807035', '226489843278', '226489871259', '226489919266', '226489928354', '226489993637', '226489452114']: 2
2026-09-08 12:40:44,422 - INFO - Opening:  226488363287
2026-09-08 12:41:54,636 - INFO - Member in :  226488363287 : 2
2026-09-08 12:42:07,207 - INFO - screening for ['226487919888', '226487923313', '226487932918', '226487978667', '226488066768', '226488100552', '226488192724', '226488206098', '226488212849', '226488267470', '226488278049', '226488363287', '226488466477', '226488522164', '226488524446', '226488530628', '226488531971', '226488536337', '226488553581', '226488571491', '226488599210', '226488605255', '226488627867', '226488638425', '226488667057', '226488683672', '226488686448', '226488704366', '226488757370', '226488796887', '226488907313', '226488983851', '226489036405', '226489055671', '226489069015', '226489090524', '226489176840', '226489180457', '226489197725', '226489218964', '226489253499', '226489254753', '226489417513', '226489529321', '226489539898', '226489561982', '226489564289', '226489584256', '226489586112', '226489646226', '226489679133', '226489702521', '226489736524', '226489776416', '226489795683', '226489826479', '226489878451', '226489903241', '226489917157', '226489984089', '226481031582', '226481086311', '226481246697', '226481287369', '226481295091', '226481329177', '226481370727', '226481445235', '226481475437', '226481490056', '226481498137', '226481538910', '226481568664', '226481731382', '226481767777', '226481783742', '226481816740', '226481914283', '226481931836', '226482100875', '226482205405', '226482214647', '226482219572', '226482331544', '226482465109', '226482473179', '226482486773', '226482597161', '226482597425', '226482648129', '226482662478', '226482714442', '226482748625', '226482834104', '226482918139', '226483056531', '226483111689', '226483187660', '226483197585', '226483346894', '226483360580', '226483400789', '226483585926', '226483646792', '226483652305', '226483661577', '226483783307', '226483976844', '226484272146', '226484319895', '226484355015', '226484394012', '226484530730', '226484597586', '226484643774', '226484663169', '226484776610', '22648482055', '226485316537', '226485593171', '226485593536', '226485632613', '226485706648', '226485732124', '226485747657', '226485821857', '226485851903', '226485879336', '226485991440', '226486053393', '226486077050', '226486162149', '226486247960', '226486260561', '226486261393', '226486397072', '226486515964', '226486535743', '226486580336', '226486632946', '226486668463', '226486799132', '226486849531', '226486853603', '226486873055', '226486938586', '226486943358', '226487015741', '226487080693', '226487102828', '226487197251', '226487202125', '226487253122', '226487256814', '226487388396', '226487447259', '226487591416', '226487626974', '226487650645', '226487666863', '226487678954', '226487742085', '226487762811', '226487805756', '226487864158', '226487893332', '226487990250', '226488039906', '226488053587', '226488085912', '226488093473', '226488106469', '226488122234', '226488123151', '226488266071', '226488311893', '226488425215', '226488549478', '226488613216', '226488617835', '226488658989', '226488752364', '226488772008', '226489043496', '226489082771', '226489316989', '226489395447', '226489512586', '226489616105', '226489710028', '226489742367', '226489807035', '226489843278', '226489871259', '226489919266', '226489928354', '226489993637', '226489452114']: 0
2026-09-08 12:42:24,756 - INFO - screening for ['226487919888', '226487923313', '226487932918', '226487978667', '226488066768', '226488100552', '226488192724', '226488206098', '226488212849', '226488267470', '226488278049', '226488363287', '226488466477', '226488522164', '226488524446', '226488530628', '226488531971', '226488536337', '226488553581', '226488571491', '226488599210', '226488605255', '226488627867', '226488638425', '226488667057', '226488683672', '226488686448', '226488704366', '226488757370', '226488796887', '226488907313', '226488983851', '226489036405', '226489055671', '226489069015', '226489090524', '226489176840', '226489180457', '226489197725', '226489218964', '226489253499', '226489254753', '226489417513', '226489529321', '226489539898', '226489561982', '226489564289', '226489584256', '226489586112', '226489646226', '226489679133', '226489702521', '226489736524', '226489776416', '226489795683', '226489826479', '226489878451', '226489903241', '226489917157', '226489984089', '226481031582', '226481086311', '226481246697', '226481287369', '226481295091', '226481329177', '226481370727', '226481445235', '226481475437', '226481490056', '226481498137', '226481538910', '226481568664', '226481731382', '226481767777', '226481783742', '226481816740', '226481914283', '226481931836', '226482100875', '226482205405', '226482214647', '226482219572', '226482331544', '226482465109', '226482473179', '226482486773', '226482597161', '226482597425', '226482648129', '226482662478', '226482714442', '226482748625', '226482834104', '226482918139', '226483056531', '226483111689', '226483187660', '226483197585', '226483346894', '226483360580', '226483400789', '226483585926', '226483646792', '226483652305', '226483661577', '226483783307', '226483976844', '226484272146', '226484319895', '226484355015', '226484394012', '226484530730', '226484597586', '226484643774', '226484663169', '226484776610', '22648482055', '226485316537', '226485593171', '226485593536', '226485632613', '226485706648', '226485732124', '226485747657', '226485821857', '226485851903', '226485879336', '226485991440', '226486053393', '226486077050', '226486162149', '226486247960', '226486260561', '226486261393', '226486397072', '226486515964', '226486535743', '226486580336', '226486632946', '226486668463', '226486799132', '226486849531', '226486853603', '226486873055', '226486938586', '226486943358', '226487015741', '226487080693', '226487102828', '226487197251', '226487202125', '226487253122', '226487256814', '226487388396', '226487447259', '226487591416', '226487626974', '226487650645', '226487666863', '226487678954', '226487742085', '226487762811', '226487805756', '226487864158', '226487893332', '226487990250', '226488039906', '226488053587', '226488085912', '226488093473', '226488106469', '226488122234', '226488123151', '226488266071', '226488311893', '226488425215', '226488549478', '226488613216', '226488617835', '226488658989', '226488752364', '226488772008', '226489043496', '226489082771', '226489316989', '226489395447', '226489512586', '226489616105', '226489710028', '226489742367', '226489807035', '226489843278', '226489871259', '226489919266', '226489928354', '226489993637', '226489452114']: 1
2026-09-08 12:42:42,286 - INFO - Opening:  226488466477
2026-09-08 12:49:05,117 - INFO - Member in :  226488466477 : 3
2026-09-08 12:49:17,681 - INFO - screening for ['226487919888', '226487923313', '226487932918', '226487978667', '226488066768', '226488100552', '226488192724', '226488206098', '226488212849', '226488267470', '226488278049', '226488363287', '226488466477', '226488522164', '226488524446', '226488530628', '226488531971', '226488536337', '226488553581', '226488571491', '226488599210', '226488605255', '226488627867', '226488638425', '226488667057', '226488683672', '226488686448', '226488704366', '226488757370', '226488796887', '226488907313', '226488983851', '226489036405', '226489055671', '226489069015', '226489090524', '226489176840', '226489180457', '226489197725', '226489218964', '226489253499', '226489254753', '226489417513', '226489529321', '226489539898', '226489561982', '226489564289', '226489584256', '226489586112', '226489646226', '226489679133', '226489702521', '226489736524', '226489776416', '226489795683', '226489826479', '226489878451', '226489903241', '226489917157', '226489984089', '226481031582', '226481086311', '226481246697', '226481287369', '226481295091', '226481329177', '226481370727', '226481445235', '226481475437', '226481490056', '226481498137', '226481538910', '226481568664', '226481731382', '226481767777', '226481783742', '226481816740', '226481914283', '226481931836', '226482100875', '226482205405', '226482214647', '226482219572', '226482331544', '226482465109', '226482473179', '226482486773', '226482597161', '226482597425', '226482648129', '226482662478', '226482714442', '226482748625', '226482834104', '226482918139', '226483056531', '226483111689', '226483187660', '226483197585', '226483346894', '226483360580', '226483400789', '226483585926', '226483646792', '226483652305', '226483661577', '226483783307', '226483976844', '226484272146', '226484319895', '226484355015', '226484394012', '226484530730', '226484597586', '226484643774', '226484663169', '226484776610', '22648482055', '226485316537', '226485593171', '226485593536', '226485632613', '226485706648', '226485732124', '226485747657', '226485821857', '226485851903', '226485879336', '226485991440', '226486053393', '226486077050', '226486162149', '226486247960', '226486260561', '226486261393', '226486397072', '226486515964', '226486535743', '226486580336', '226486632946', '226486668463', '226486799132', '226486849531', '226486853603', '226486873055', '226486938586', '226486943358', '226487015741', '226487080693', '226487102828', '226487197251', '226487202125', '226487253122', '226487256814', '226487388396', '226487447259', '226487591416', '226487626974', '226487650645', '226487666863', '226487678954', '226487742085', '226487762811', '226487805756', '226487864158', '226487893332', '226487990250', '226488039906', '226488053587', '226488085912', '226488093473', '226488106469', '226488122234', '226488123151', '226488266071', '226488311893', '226488425215', '226488549478', '226488613216', '226488617835', '226488658989', '226488752364', '226488772008', '226489043496', '226489082771', '226489316989', '226489395447', '226489512586', '226489616105', '226489710028', '226489742367', '226489807035', '226489843278', '226489871259', '226489919266', '226489928354', '226489993637', '226489452114']: 0
2026-09-08 12:49:44,644 - INFO - screening for ['226487919888', '226487923313', '226487932918', '226487978667', '226488066768', '226488100552', '226488192724', '226488206098', '226488212849', '226488267470', '226488278049', '226488363287', '226488466477', '226488522164', '226488524446', '226488530628', '226488531971', '226488536337', '226488553581', '226488571491', '226488599210', '226488605255', '226488627867', '226488638425', '226488667057', '226488683672', '226488686448', '226488704366', '226488757370', '226488796887', '226488907313', '226488983851', '226489036405', '226489055671', '226489069015', '226489090524', '226489176840', '226489180457', '226489197725', '226489218964', '226489253499', '226489254753', '226489417513', '226489529321', '226489539898', '226489561982', '226489564289', '226489584256', '226489586112', '226489646226', '226489679133', '226489702521', '226489736524', '226489776416', '226489795683', '226489826479', '226489878451', '226489903241', '226489917157', '226489984089', '226481031582', '226481086311', '226481246697', '226481287369', '226481295091', '226481329177', '226481370727', '226481445235', '226481475437', '226481490056', '226481498137', '226481538910', '226481568664', '226481731382', '226481767777', '226481783742', '226481816740', '226481914283', '226481931836', '226482100875', '226482205405', '226482214647', '226482219572', '226482331544', '226482465109', '226482473179', '226482486773', '226482597161', '226482597425', '226482648129', '226482662478', '226482714442', '226482748625', '226482834104', '226482918139', '226483056531', '226483111689', '226483187660', '226483197585', '226483346894', '226483360580', '226483400789', '226483585926', '226483646792', '226483652305', '226483661577', '226483783307', '226483976844', '226484272146', '226484319895', '226484355015', '226484394012', '226484530730', '226484597586', '226484643774', '226484663169', '226484776610', '22648482055', '226485316537', '226485593171', '226485593536', '226485632613', '226485706648', '226485732124', '226485747657', '226485821857', '226485851903', '226485879336', '226485991440', '226486053393', '226486077050', '226486162149', '226486247960', '226486260561', '226486261393', '226486397072', '226486515964', '226486535743', '226486580336', '226486632946', '226486668463', '226486799132', '226486849531', '226486853603', '226486873055', '226486938586', '226486943358', '226487015741', '226487080693', '226487102828', '226487197251', '226487202125', '226487253122', '226487256814', '226487388396', '226487447259', '226487591416', '226487626974', '226487650645', '226487666863', '226487678954', '226487742085', '226487762811', '226487805756', '226487864158', '226487893332', '226487990250', '226488039906', '226488053587', '226488085912', '226488093473', '226488106469', '226488122234', '226488123151', '226488266071', '226488311893', '226488425215', '226488549478', '226488613216', '226488617835', '226488658989', '226488752364', '226488772008', '226489043496', '226489082771', '226489316989', '226489395447', '226489512586', '226489616105', '226489710028', '226489742367', '226489807035', '226489843278', '226489871259', '226489919266', '226489928354', '226489993637', '226489452114']: 1
2026-09-08 12:50:02,159 - INFO - screening for ['226487919888', '226487923313', '226487932918', '226487978667', '226488066768', '226488100552', '226488192724', '226488206098', '226488212849', '226488267470', '226488278049', '226488363287', '226488466477', '226488522164', '226488524446', '226488530628', '226488531971', '226488536337', '226488553581', '226488571491', '226488599210', '226488605255', '226488627867', '226488638425', '226488667057', '226488683672', '226488686448', '226488704366', '226488757370', '226488796887', '226488907313', '226488983851', '226489036405', '226489055671', '226489069015', '226489090524', '226489176840', '226489180457', '226489197725', '226489218964', '226489253499', '226489254753', '226489417513', '226489529321', '226489539898', '226489561982', '226489564289', '226489584256', '226489586112', '226489646226', '226489679133', '226489702521', '226489736524', '226489776416', '226489795683', '226489826479', '226489878451', '226489903241', '226489917157', '226489984089', '226481031582', '226481086311', '226481246697', '226481287369', '226481295091', '226481329177', '226481370727', '226481445235', '226481475437', '226481490056', '226481498137', '226481538910', '226481568664', '226481731382', '226481767777', '226481783742', '226481816740', '226481914283', '226481931836', '226482100875', '226482205405', '226482214647', '226482219572', '226482331544', '226482465109', '226482473179', '226482486773', '226482597161', '226482597425', '226482648129', '226482662478', '226482714442', '226482748625', '226482834104', '226482918139', '226483056531', '226483111689', '226483187660', '226483197585', '226483346894', '226483360580', '226483400789', '226483585926', '226483646792', '226483652305', '226483661577', '226483783307', '226483976844', '226484272146', '226484319895', '226484355015', '226484394012', '226484530730', '226484597586', '226484643774', '226484663169', '226484776610', '22648482055', '226485316537', '226485593171', '226485593536', '226485632613', '226485706648', '226485732124', '226485747657', '226485821857', '226485851903', '226485879336', '226485991440', '226486053393', '226486077050', '226486162149', '226486247960', '226486260561', '226486261393', '226486397072', '226486515964', '226486535743', '226486580336', '226486632946', '226486668463', '226486799132', '226486849531', '226486853603', '226486873055', '226486938586', '226486943358', '226487015741', '226487080693', '226487102828', '226487197251', '226487202125', '226487253122', '226487256814', '226487388396', '226487447259', '226487591416', '226487626974', '226487650645', '226487666863', '226487678954', '226487742085', '226487762811', '226487805756', '226487864158', '226487893332', '226487990250', '226488039906', '226488053587', '226488085912', '226488093473', '226488106469', '226488122234', '226488123151', '226488266071', '226488311893', '226488425215', '226488549478', '226488613216', '226488617835', '226488658989', '226488752364', '226488772008', '226489043496', '226489082771', '226489316989', '226489395447', '226489512586', '226489616105', '226489710028', '226489742367', '226489807035', '226489843278', '226489871259', '226489919266', '226489928354', '226489993637', '226489452114']: 2
2026-09-08 12:50:09,747 - INFO - Opening:  226488522164
2026-09-08 13:03:37,647 - INFO - Member in :  226488522164 : 5
2026-09-08 13:03:50,242 - INFO - screening for ['226487919888', '226487923313', '226487932918', '226487978667', '226488066768', '226488100552', '226488192724', '226488206098', '226488212849', '226488267470', '226488278049', '226488363287', '226488466477', '226488522164', '226488524446', '226488530628', '226488531971', '226488536337', '226488553581', '226488571491', '226488599210', '226488605255', '226488627867', '226488638425', '226488667057', '226488683672', '226488686448', '226488704366', '226488757370', '226488796887', '226488907313', '226488983851', '226489036405', '226489055671', '226489069015', '226489090524', '226489176840', '226489180457', '226489197725', '226489218964', '226489253499', '226489254753', '226489417513', '226489529321', '226489539898', '226489561982', '226489564289', '226489584256', '226489586112', '226489646226', '226489679133', '226489702521', '226489736524', '226489776416', '226489795683', '226489826479', '226489878451', '226489903241', '226489917157', '226489984089', '226481031582', '226481086311', '226481246697', '226481287369', '226481295091', '226481329177', '226481370727', '226481445235', '226481475437', '226481490056', '226481498137', '226481538910', '226481568664', '226481731382', '226481767777', '226481783742', '226481816740', '226481914283', '226481931836', '226482100875', '226482205405', '226482214647', '226482219572', '226482331544', '226482465109', '226482473179', '226482486773', '226482597161', '226482597425', '226482648129', '226482662478', '226482714442', '226482748625', '226482834104', '226482918139', '226483056531', '226483111689', '226483187660', '226483197585', '226483346894', '226483360580', '226483400789', '226483585926', '226483646792', '226483652305', '226483661577', '226483783307', '226483976844', '226484272146', '226484319895', '226484355015', '226484394012', '226484530730', '226484597586', '226484643774', '226484663169', '226484776610', '22648482055', '226485316537', '226485593171', '226485593536', '226485632613', '226485706648', '226485732124', '226485747657', '226485821857', '226485851903', '226485879336', '226485991440', '226486053393', '226486077050', '226486162149', '226486247960', '226486260561', '226486261393', '226486397072', '226486515964', '226486535743', '226486580336', '226486632946', '226486668463', '226486799132', '226486849531', '226486853603', '226486873055', '226486938586', '226486943358', '226487015741', '226487080693', '226487102828', '226487197251', '226487202125', '226487253122', '226487256814', '226487388396', '226487447259', '226487591416', '226487626974', '226487650645', '226487666863', '226487678954', '226487742085', '226487762811', '226487805756', '226487864158', '226487893332', '226487990250', '226488039906', '226488053587', '226488085912', '226488093473', '226488106469', '226488122234', '226488123151', '226488266071', '226488311893', '226488425215', '226488549478', '226488613216', '226488617835', '226488658989', '226488752364', '226488772008', '226489043496', '226489082771', '226489316989', '226489395447', '226489512586', '226489616105', '226489710028', '226489742367', '226489807035', '226489843278', '226489871259', '226489919266', '226489928354', '226489993637', '226489452114']: 0
2026-09-08 13:04:17,236 - INFO - screening for ['226487919888', '226487923313', '226487932918', '226487978667', '226488066768', '226488100552', '226488192724', '226488206098', '226488212849', '226488267470', '226488278049', '226488363287', '226488466477', '226488522164', '226488524446', '226488530628', '226488531971', '226488536337', '226488553581', '226488571491', '226488599210', '226488605255', '226488627867', '226488638425', '226488667057', '226488683672', '226488686448', '226488704366', '226488757370', '226488796887', '226488907313', '226488983851', '226489036405', '226489055671', '226489069015', '226489090524', '226489176840', '226489180457', '226489197725', '226489218964', '226489253499', '226489254753', '226489417513', '226489529321', '226489539898', '226489561982', '226489564289', '226489584256', '226489586112', '226489646226', '226489679133', '226489702521', '226489736524', '226489776416', '226489795683', '226489826479', '226489878451', '226489903241', '226489917157', '226489984089', '226481031582', '226481086311', '226481246697', '226481287369', '226481295091', '226481329177', '226481370727', '226481445235', '226481475437', '226481490056', '226481498137', '226481538910', '226481568664', '226481731382', '226481767777', '226481783742', '226481816740', '226481914283', '226481931836', '226482100875', '226482205405', '226482214647', '226482219572', '226482331544', '226482465109', '226482473179', '226482486773', '226482597161', '226482597425', '226482648129', '226482662478', '226482714442', '226482748625', '226482834104', '226482918139', '226483056531', '226483111689', '226483187660', '226483197585', '226483346894', '226483360580', '226483400789', '226483585926', '226483646792', '226483652305', '226483661577', '226483783307', '226483976844', '226484272146', '226484319895', '226484355015', '226484394012', '226484530730', '226484597586', '226484643774', '226484663169', '226484776610', '22648482055', '226485316537', '226485593171', '226485593536', '226485632613', '226485706648', '226485732124', '226485747657', '226485821857', '226485851903', '226485879336', '226485991440', '226486053393', '226486077050', '226486162149', '226486247960', '226486260561', '226486261393', '226486397072', '226486515964', '226486535743', '226486580336', '226486632946', '226486668463', '226486799132', '226486849531', '226486853603', '226486873055', '226486938586', '226486943358', '226487015741', '226487080693', '226487102828', '226487197251', '226487202125', '226487253122', '226487256814', '226487388396', '226487447259', '226487591416', '226487626974', '226487650645', '226487666863', '226487678954', '226487742085', '226487762811', '226487805756', '226487864158', '226487893332', '226487990250', '226488039906', '226488053587', '226488085912', '226488093473', '226488106469', '226488122234', '226488123151', '226488266071', '226488311893', '226488425215', '226488549478', '226488613216', '226488617835', '226488658989', '226488752364', '226488772008', '226489043496', '226489082771', '226489316989', '226489395447', '226489512586', '226489616105', '226489710028', '226489742367', '226489807035', '226489843278', '226489871259', '226489919266', '226489928354', '226489993637', '226489452114']: 1
2026-09-08 13:04:34,067 - INFO - screening for ['226487919888', '226487923313', '226487932918', '226487978667', '226488066768', '226488100552', '226488192724', '226488206098', '226488212849', '226488267470', '226488278049', '226488363287', '226488466477', '226488522164', '226488524446', '226488530628', '226488531971', '226488536337', '226488553581', '226488571491', '226488599210', '226488605255', '226488627867', '226488638425', '226488667057', '226488683672', '226488686448', '226488704366', '226488757370', '226488796887', '226488907313', '226488983851', '226489036405', '226489055671', '226489069015', '226489090524', '226489176840', '226489180457', '226489197725', '226489218964', '226489253499', '226489254753', '226489417513', '226489529321', '226489539898', '226489561982', '226489564289', '226489584256', '226489586112', '226489646226', '226489679133', '226489702521', '226489736524', '226489776416', '226489795683', '226489826479', '226489878451', '226489903241', '226489917157', '226489984089', '226481031582', '226481086311', '226481246697', '226481287369', '226481295091', '226481329177', '226481370727', '226481445235', '226481475437', '226481490056', '226481498137', '226481538910', '226481568664', '226481731382', '226481767777', '226481783742', '226481816740', '226481914283', '226481931836', '226482100875', '226482205405', '226482214647', '226482219572', '226482331544', '226482465109', '226482473179', '226482486773', '226482597161', '226482597425', '226482648129', '226482662478', '226482714442', '226482748625', '226482834104', '226482918139', '226483056531', '226483111689', '226483187660', '226483197585', '226483346894', '226483360580', '226483400789', '226483585926', '226483646792', '226483652305', '226483661577', '226483783307', '226483976844', '226484272146', '226484319895', '226484355015', '226484394012', '226484530730', '226484597586', '226484643774', '226484663169', '226484776610', '22648482055', '226485316537', '226485593171', '226485593536', '226485632613', '226485706648', '226485732124', '226485747657', '226485821857', '226485851903', '226485879336', '226485991440', '226486053393', '226486077050', '226486162149', '226486247960', '226486260561', '226486261393', '226486397072', '226486515964', '226486535743', '226486580336', '226486632946', '226486668463', '226486799132', '226486849531', '226486853603', '226486873055', '226486938586', '226486943358', '226487015741', '226487080693', '226487102828', '226487197251', '226487202125', '226487253122', '226487256814', '226487388396', '226487447259', '226487591416', '226487626974', '226487650645', '226487666863', '226487678954', '226487742085', '226487762811', '226487805756', '226487864158', '226487893332', '226487990250', '226488039906', '226488053587', '226488085912', '226488093473', '226488106469', '226488122234', '226488123151', '226488266071', '226488311893', '226488425215', '226488549478', '226488613216', '226488617835', '226488658989', '226488752364', '226488772008', '226489043496', '226489082771', '226489316989', '226489395447', '226489512586', '226489616105', '226489710028', '226489742367', '226489807035', '226489843278', '226489871259', '226489919266', '226489928354', '226489993637', '226489452114']: 2
2026-09-08 13:04:51,385 - INFO - screening for ['226487919888', '226487923313', '226487932918', '226487978667', '226488066768', '226488100552', '226488192724', '226488206098', '226488212849', '226488267470', '226488278049', '226488363287', '226488466477', '226488522164', '226488524446', '226488530628', '226488531971', '226488536337', '226488553581', '226488571491', '226488599210', '226488605255', '226488627867', '226488638425', '226488667057', '226488683672', '226488686448', '226488704366', '226488757370', '226488796887', '226488907313', '226488983851', '226489036405', '226489055671', '226489069015', '226489090524', '226489176840', '226489180457', '226489197725', '226489218964', '226489253499', '226489254753', '226489417513', '226489529321', '226489539898', '226489561982', '226489564289', '226489584256', '226489586112', '226489646226', '226489679133', '226489702521', '226489736524', '226489776416', '226489795683', '226489826479', '226489878451', '226489903241', '226489917157', '226489984089', '226481031582', '226481086311', '226481246697', '226481287369', '226481295091', '226481329177', '226481370727', '226481445235', '226481475437', '226481490056', '226481498137', '226481538910', '226481568664', '226481731382', '226481767777', '226481783742', '226481816740', '226481914283', '226481931836', '226482100875', '226482205405', '226482214647', '226482219572', '226482331544', '226482465109', '226482473179', '226482486773', '226482597161', '226482597425', '226482648129', '226482662478', '226482714442', '226482748625', '226482834104', '226482918139', '226483056531', '226483111689', '226483187660', '226483197585', '226483346894', '226483360580', '226483400789', '226483585926', '226483646792', '226483652305', '226483661577', '226483783307', '226483976844', '226484272146', '226484319895', '226484355015', '226484394012', '226484530730', '226484597586', '226484643774', '226484663169', '226484776610', '22648482055', '226485316537', '226485593171', '226485593536', '226485632613', '226485706648', '226485732124', '226485747657', '226485821857', '226485851903', '226485879336', '226485991440', '226486053393', '226486077050', '226486162149', '226486247960', '226486260561', '226486261393', '226486397072', '226486515964', '226486535743', '226486580336', '226486632946', '226486668463', '226486799132', '226486849531', '226486853603', '226486873055', '226486938586', '226486943358', '226487015741', '226487080693', '226487102828', '226487197251', '226487202125', '226487253122', '226487256814', '226487388396', '226487447259', '226487591416', '226487626974', '226487650645', '226487666863', '226487678954', '226487742085', '226487762811', '226487805756', '226487864158', '226487893332', '226487990250', '226488039906', '226488053587', '226488085912', '226488093473', '226488106469', '226488122234', '226488123151', '226488266071', '226488311893', '226488425215', '226488549478', '226488613216', '226488617835', '226488658989', '226488752364', '226488772008', '226489043496', '226489082771', '226489316989', '226489395447', '226489512586', '226489616105', '226489710028', '226489742367', '226489807035', '226489843278', '226489871259', '226489919266', '226489928354', '226489993637', '226489452114']: 3
2026-09-08 13:05:23,777 - INFO - screening for ['226487919888', '226487923313', '226487932918', '226487978667', '226488066768', '226488100552', '226488192724', '226488206098', '226488212849', '226488267470', '226488278049', '226488363287', '226488466477', '226488522164', '226488524446', '226488530628', '226488531971', '226488536337', '226488553581', '226488571491', '226488599210', '226488605255', '226488627867', '226488638425', '226488667057', '226488683672', '226488686448', '226488704366', '226488757370', '226488796887', '226488907313', '226488983851', '226489036405', '226489055671', '226489069015', '226489090524', '226489176840', '226489180457', '226489197725', '226489218964', '226489253499', '226489254753', '226489417513', '226489529321', '226489539898', '226489561982', '226489564289', '226489584256', '226489586112', '226489646226', '226489679133', '226489702521', '226489736524', '226489776416', '226489795683', '226489826479', '226489878451', '226489903241', '226489917157', '226489984089', '226481031582', '226481086311', '226481246697', '226481287369', '226481295091', '226481329177', '226481370727', '226481445235', '226481475437', '226481490056', '226481498137', '226481538910', '226481568664', '226481731382', '226481767777', '226481783742', '226481816740', '226481914283', '226481931836', '226482100875', '226482205405', '226482214647', '226482219572', '226482331544', '226482465109', '226482473179', '226482486773', '226482597161', '226482597425', '226482648129', '226482662478', '226482714442', '226482748625', '226482834104', '226482918139', '226483056531', '226483111689', '226483187660', '226483197585', '226483346894', '226483360580', '226483400789', '226483585926', '226483646792', '226483652305', '226483661577', '226483783307', '226483976844', '226484272146', '226484319895', '226484355015', '226484394012', '226484530730', '226484597586', '226484643774', '226484663169', '226484776610', '22648482055', '226485316537', '226485593171', '226485593536', '226485632613', '226485706648', '226485732124', '226485747657', '226485821857', '226485851903', '226485879336', '226485991440', '226486053393', '226486077050', '226486162149', '226486247960', '226486260561', '226486261393', '226486397072', '226486515964', '226486535743', '226486580336', '226486632946', '226486668463', '226486799132', '226486849531', '226486853603', '226486873055', '226486938586', '226486943358', '226487015741', '226487080693', '226487102828', '226487197251', '226487202125', '226487253122', '226487256814', '226487388396', '226487447259', '226487591416', '226487626974', '226487650645', '226487666863', '226487678954', '226487742085', '226487762811', '226487805756', '226487864158', '226487893332', '226487990250', '226488039906', '226488053587', '226488085912', '226488093473', '226488106469', '226488122234', '226488123151', '226488266071', '226488311893', '226488425215', '226488549478', '226488613216', '226488617835', '226488658989', '226488752364', '226488772008', '226489043496', '226489082771', '226489316989', '226489395447', '226489512586', '226489616105', '226489710028', '226489742367', '226489807035', '226489843278', '226489871259', '226489919266', '226489928354', '226489993637', '226489452114']: 4
2026-09-08 13:05:39,680 - INFO - Opening:  226488524446
2026-09-08 13:11:22,387 - INFO - Member in :  226488524446 : 4
2026-09-08 13:11:34,950 - INFO - screening for ['226487919888', '226487923313', '226487932918', '226487978667', '226488066768', '226488100552', '226488192724', '226488206098', '226488212849', '226488267470', '226488278049', '226488363287', '226488466477', '226488522164', '226488524446', '226488530628', '226488531971', '226488536337', '226488553581', '226488571491', '226488599210', '226488605255', '226488627867', '226488638425', '226488667057', '226488683672', '226488686448', '226488704366', '226488757370', '226488796887', '226488907313', '226488983851', '226489036405', '226489055671', '226489069015', '226489090524', '226489176840', '226489180457', '226489197725', '226489218964', '226489253499', '226489254753', '226489417513', '226489529321', '226489539898', '226489561982', '226489564289', '226489584256', '226489586112', '226489646226', '226489679133', '226489702521', '226489736524', '226489776416', '226489795683', '226489826479', '226489878451', '226489903241', '226489917157', '226489984089', '226481031582', '226481086311', '226481246697', '226481287369', '226481295091', '226481329177', '226481370727', '226481445235', '226481475437', '226481490056', '226481498137', '226481538910', '226481568664', '226481731382', '226481767777', '226481783742', '226481816740', '226481914283', '226481931836', '226482100875', '226482205405', '226482214647', '226482219572', '226482331544', '226482465109', '226482473179', '226482486773', '226482597161', '226482597425', '226482648129', '226482662478', '226482714442', '226482748625', '226482834104', '226482918139', '226483056531', '226483111689', '226483187660', '226483197585', '226483346894', '226483360580', '226483400789', '226483585926', '226483646792', '226483652305', '226483661577', '226483783307', '226483976844', '226484272146', '226484319895', '226484355015', '226484394012', '226484530730', '226484597586', '226484643774', '226484663169', '226484776610', '22648482055', '226485316537', '226485593171', '226485593536', '226485632613', '226485706648', '226485732124', '226485747657', '226485821857', '226485851903', '226485879336', '226485991440', '226486053393', '226486077050', '226486162149', '226486247960', '226486260561', '226486261393', '226486397072', '226486515964', '226486535743', '226486580336', '226486632946', '226486668463', '226486799132', '226486849531', '226486853603', '226486873055', '226486938586', '226486943358', '226487015741', '226487080693', '226487102828', '226487197251', '226487202125', '226487253122', '226487256814', '226487388396', '226487447259', '226487591416', '226487626974', '226487650645', '226487666863', '226487678954', '226487742085', '226487762811', '226487805756', '226487864158', '226487893332', '226487990250', '226488039906', '226488053587', '226488085912', '226488093473', '226488106469', '226488122234', '226488123151', '226488266071', '226488311893', '226488425215', '226488549478', '226488613216', '226488617835', '226488658989', '226488752364', '226488772008', '226489043496', '226489082771', '226489316989', '226489395447', '226489512586', '226489616105', '226489710028', '226489742367', '226489807035', '226489843278', '226489871259', '226489919266', '226489928354', '226489993637', '226489452114']: 0
2026-09-08 13:11:52,469 - INFO - screening for ['226487919888', '226487923313', '226487932918', '226487978667', '226488066768', '226488100552', '226488192724', '226488206098', '226488212849', '226488267470', '226488278049', '226488363287', '226488466477', '226488522164', '226488524446', '226488530628', '226488531971', '226488536337', '226488553581', '226488571491', '226488599210', '226488605255', '226488627867', '226488638425', '226488667057', '226488683672', '226488686448', '226488704366', '226488757370', '226488796887', '226488907313', '226488983851', '226489036405', '226489055671', '226489069015', '226489090524', '226489176840', '226489180457', '226489197725', '226489218964', '226489253499', '226489254753', '226489417513', '226489529321', '226489539898', '226489561982', '226489564289', '226489584256', '226489586112', '226489646226', '226489679133', '226489702521', '226489736524', '226489776416', '226489795683', '226489826479', '226489878451', '226489903241', '226489917157', '226489984089', '226481031582', '226481086311', '226481246697', '226481287369', '226481295091', '226481329177', '226481370727', '226481445235', '226481475437', '226481490056', '226481498137', '226481538910', '226481568664', '226481731382', '226481767777', '226481783742', '226481816740', '226481914283', '226481931836', '226482100875', '226482205405', '226482214647', '226482219572', '226482331544', '226482465109', '226482473179', '226482486773', '226482597161', '226482597425', '226482648129', '226482662478', '226482714442', '226482748625', '226482834104', '226482918139', '226483056531', '226483111689', '226483187660', '226483197585', '226483346894', '226483360580', '226483400789', '226483585926', '226483646792', '226483652305', '226483661577', '226483783307', '226483976844', '226484272146', '226484319895', '226484355015', '226484394012', '226484530730', '226484597586', '226484643774', '226484663169', '226484776610', '22648482055', '226485316537', '226485593171', '226485593536', '226485632613', '226485706648', '226485732124', '226485747657', '226485821857', '226485851903', '226485879336', '226485991440', '226486053393', '226486077050', '226486162149', '226486247960', '226486260561', '226486261393', '226486397072', '226486515964', '226486535743', '226486580336', '226486632946', '226486668463', '226486799132', '226486849531', '226486853603', '226486873055', '226486938586', '226486943358', '226487015741', '226487080693', '226487102828', '226487197251', '226487202125', '226487253122', '226487256814', '226487388396', '226487447259', '226487591416', '226487626974', '226487650645', '226487666863', '226487678954', '226487742085', '226487762811', '226487805756', '226487864158', '226487893332', '226487990250', '226488039906', '226488053587', '226488085912', '226488093473', '226488106469', '226488122234', '226488123151', '226488266071', '226488311893', '226488425215', '226488549478', '226488613216', '226488617835', '226488658989', '226488752364', '226488772008', '226489043496', '226489082771', '226489316989', '226489395447', '226489512586', '226489616105', '226489710028', '226489742367', '226489807035', '226489843278', '226489871259', '226489919266', '226489928354', '226489993637', '226489452114']: 1
2026-09-08 13:12:19,807 - INFO - screening for ['226487919888', '226487923313', '226487932918', '226487978667', '226488066768', '226488100552', '226488192724', '226488206098', '226488212849', '226488267470', '226488278049', '226488363287', '226488466477', '226488522164', '226488524446', '226488530628', '226488531971', '226488536337', '226488553581', '226488571491', '226488599210', '226488605255', '226488627867', '226488638425', '226488667057', '226488683672', '226488686448', '226488704366', '226488757370', '226488796887', '226488907313', '226488983851', '226489036405', '226489055671', '226489069015', '226489090524', '226489176840', '226489180457', '226489197725', '226489218964', '226489253499', '226489254753', '226489417513', '226489529321', '226489539898', '226489561982', '226489564289', '226489584256', '226489586112', '226489646226', '226489679133', '226489702521', '226489736524', '226489776416', '226489795683', '226489826479', '226489878451', '226489903241', '226489917157', '226489984089', '226481031582', '226481086311', '226481246697', '226481287369', '226481295091', '226481329177', '226481370727', '226481445235', '226481475437', '226481490056', '226481498137', '226481538910', '226481568664', '226481731382', '226481767777', '226481783742', '226481816740', '226481914283', '226481931836', '226482100875', '226482205405', '226482214647', '226482219572', '226482331544', '226482465109', '226482473179', '226482486773', '226482597161', '226482597425', '226482648129', '226482662478', '226482714442', '226482748625', '226482834104', '226482918139', '226483056531', '226483111689', '226483187660', '226483197585', '226483346894', '226483360580', '226483400789', '226483585926', '226483646792', '226483652305', '226483661577', '226483783307', '226483976844', '226484272146', '226484319895', '226484355015', '226484394012', '226484530730', '226484597586', '226484643774', '226484663169', '226484776610', '22648482055', '226485316537', '226485593171', '226485593536', '226485632613', '226485706648', '226485732124', '226485747657', '226485821857', '226485851903', '226485879336', '226485991440', '226486053393', '226486077050', '226486162149', '226486247960', '226486260561', '226486261393', '226486397072', '226486515964', '226486535743', '226486580336', '226486632946', '226486668463', '226486799132', '226486849531', '226486853603', '226486873055', '226486938586', '226486943358', '226487015741', '226487080693', '226487102828', '226487197251', '226487202125', '226487253122', '226487256814', '226487388396', '226487447259', '226487591416', '226487626974', '226487650645', '226487666863', '226487678954', '226487742085', '226487762811', '226487805756', '226487864158', '226487893332', '226487990250', '226488039906', '226488053587', '226488085912', '226488093473', '226488106469', '226488122234', '226488123151', '226488266071', '226488311893', '226488425215', '226488549478', '226488613216', '226488617835', '226488658989', '226488752364', '226488772008', '226489043496', '226489082771', '226489316989', '226489395447', '226489512586', '226489616105', '226489710028', '226489742367', '226489807035', '226489843278', '226489871259', '226489919266', '226489928354', '226489993637', '226489452114']: 2
2026-09-08 13:12:46,739 - INFO - screening for ['226487919888', '226487923313', '226487932918', '226487978667', '226488066768', '226488100552', '226488192724', '226488206098', '226488212849', '226488267470', '226488278049', '226488363287', '226488466477', '226488522164', '226488524446', '226488530628', '226488531971', '226488536337', '226488553581', '226488571491', '226488599210', '226488605255', '226488627867', '226488638425', '226488667057', '226488683672', '226488686448', '226488704366', '226488757370', '226488796887', '226488907313', '226488983851', '226489036405', '226489055671', '226489069015', '226489090524', '226489176840', '226489180457', '226489197725', '226489218964', '226489253499', '226489254753', '226489417513', '226489529321', '226489539898', '226489561982', '226489564289', '226489584256', '226489586112', '226489646226', '226489679133', '226489702521', '226489736524', '226489776416', '226489795683', '226489826479', '226489878451', '226489903241', '226489917157', '226489984089', '226481031582', '226481086311', '226481246697', '226481287369', '226481295091', '226481329177', '226481370727', '226481445235', '226481475437', '226481490056', '226481498137', '226481538910', '226481568664', '226481731382', '226481767777', '226481783742', '226481816740', '226481914283', '226481931836', '226482100875', '226482205405', '226482214647', '226482219572', '226482331544', '226482465109', '226482473179', '226482486773', '226482597161', '226482597425', '226482648129', '226482662478', '226482714442', '226482748625', '226482834104', '226482918139', '226483056531', '226483111689', '226483187660', '226483197585', '226483346894', '226483360580', '226483400789', '226483585926', '226483646792', '226483652305', '226483661577', '226483783307', '226483976844', '226484272146', '226484319895', '226484355015', '226484394012', '226484530730', '226484597586', '226484643774', '226484663169', '226484776610', '22648482055', '226485316537', '226485593171', '226485593536', '226485632613', '226485706648', '226485732124', '226485747657', '226485821857', '226485851903', '226485879336', '226485991440', '226486053393', '226486077050', '226486162149', '226486247960', '226486260561', '226486261393', '226486397072', '226486515964', '226486535743', '226486580336', '226486632946', '226486668463', '226486799132', '226486849531', '226486853603', '226486873055', '226486938586', '226486943358', '226487015741', '226487080693', '226487102828', '226487197251', '226487202125', '226487253122', '226487256814', '226487388396', '226487447259', '226487591416', '226487626974', '226487650645', '226487666863', '226487678954', '226487742085', '226487762811', '226487805756', '226487864158', '226487893332', '226487990250', '226488039906', '226488053587', '226488085912', '226488093473', '226488106469', '226488122234', '226488123151', '226488266071', '226488311893', '226488425215', '226488549478', '226488613216', '226488617835', '226488658989', '226488752364', '226488772008', '226489043496', '226489082771', '226489316989', '226489395447', '226489512586', '226489616105', '226489710028', '226489742367', '226489807035', '226489843278', '226489871259', '226489919266', '226489928354', '226489993637', '226489452114']: 3
2026-09-08 13:13:14,138 - INFO - Opening:  226488530628
2026-09-08 13:14:42,298 - INFO - Opening:  226488531971
2026-09-08 13:15:57,704 - INFO - Opening:  226488536337
2026-09-08 13:18:15,526 - INFO - Member in :  226488536337 : 5
2026-09-08 13:18:28,085 - INFO - screening for ['226487919888', '226487923313', '226487932918', '226487978667', '226488066768', '226488100552', '226488192724', '226488206098', '226488212849', '226488267470', '226488278049', '226488363287', '226488466477', '226488522164', '226488524446', '226488530628', '226488531971', '226488536337', '226488553581', '226488571491', '226488599210', '226488605255', '226488627867', '226488638425', '226488667057', '226488683672', '226488686448', '226488704366', '226488757370', '226488796887', '226488907313', '226488983851', '226489036405', '226489055671', '226489069015', '226489090524', '226489176840', '226489180457', '226489197725', '226489218964', '226489253499', '226489254753', '226489417513', '226489529321', '226489539898', '226489561982', '226489564289', '226489584256', '226489586112', '226489646226', '226489679133', '226489702521', '226489736524', '226489776416', '226489795683', '226489826479', '226489878451', '226489903241', '226489917157', '226489984089', '226481031582', '226481086311', '226481246697', '226481287369', '226481295091', '226481329177', '226481370727', '226481445235', '226481475437', '226481490056', '226481498137', '226481538910', '226481568664', '226481731382', '226481767777', '226481783742', '226481816740', '226481914283', '226481931836', '226482100875', '226482205405', '226482214647', '226482219572', '226482331544', '226482465109', '226482473179', '226482486773', '226482597161', '226482597425', '226482648129', '226482662478', '226482714442', '226482748625', '226482834104', '226482918139', '226483056531', '226483111689', '226483187660', '226483197585', '226483346894', '226483360580', '226483400789', '226483585926', '226483646792', '226483652305', '226483661577', '226483783307', '226483976844', '226484272146', '226484319895', '226484355015', '226484394012', '226484530730', '226484597586', '226484643774', '226484663169', '226484776610', '22648482055', '226485316537', '226485593171', '226485593536', '226485632613', '226485706648', '226485732124', '226485747657', '226485821857', '226485851903', '226485879336', '226485991440', '226486053393', '226486077050', '226486162149', '226486247960', '226486260561', '226486261393', '226486397072', '226486515964', '226486535743', '226486580336', '226486632946', '226486668463', '226486799132', '226486849531', '226486853603', '226486873055', '226486938586', '226486943358', '226487015741', '226487080693', '226487102828', '226487197251', '226487202125', '226487253122', '226487256814', '226487388396', '226487447259', '226487591416', '226487626974', '226487650645', '226487666863', '226487678954', '226487742085', '226487762811', '226487805756', '226487864158', '226487893332', '226487990250', '226488039906', '226488053587', '226488085912', '226488093473', '226488106469', '226488122234', '226488123151', '226488266071', '226488311893', '226488425215', '226488549478', '226488613216', '226488617835', '226488658989', '226488752364', '226488772008', '226489043496', '226489082771', '226489316989', '226489395447', '226489512586', '226489616105', '226489710028', '226489742367', '226489807035', '226489843278', '226489871259', '226489919266', '226489928354', '226489993637', '226489452114']: 0
2026-09-08 13:18:55,504 - INFO - screening for ['226487919888', '226487923313', '226487932918', '226487978667', '226488066768', '226488100552', '226488192724', '226488206098', '226488212849', '226488267470', '226488278049', '226488363287', '226488466477', '226488522164', '226488524446', '226488530628', '226488531971', '226488536337', '226488553581', '226488571491', '226488599210', '226488605255', '226488627867', '226488638425', '226488667057', '226488683672', '226488686448', '226488704366', '226488757370', '226488796887', '226488907313', '226488983851', '226489036405', '226489055671', '226489069015', '226489090524', '226489176840', '226489180457', '226489197725', '226489218964', '226489253499', '226489254753', '226489417513', '226489529321', '226489539898', '226489561982', '226489564289', '226489584256', '226489586112', '226489646226', '226489679133', '226489702521', '226489736524', '226489776416', '226489795683', '226489826479', '226489878451', '226489903241', '226489917157', '226489984089', '226481031582', '226481086311', '226481246697', '226481287369', '226481295091', '226481329177', '226481370727', '226481445235', '226481475437', '226481490056', '226481498137', '226481538910', '226481568664', '226481731382', '226481767777', '226481783742', '226481816740', '226481914283', '226481931836', '226482100875', '226482205405', '226482214647', '226482219572', '226482331544', '226482465109', '226482473179', '226482486773', '226482597161', '226482597425', '226482648129', '226482662478', '226482714442', '226482748625', '226482834104', '226482918139', '226483056531', '226483111689', '226483187660', '226483197585', '226483346894', '226483360580', '226483400789', '226483585926', '226483646792', '226483652305', '226483661577', '226483783307', '226483976844', '226484272146', '226484319895', '226484355015', '226484394012', '226484530730', '226484597586', '226484643774', '226484663169', '226484776610', '22648482055', '226485316537', '226485593171', '226485593536', '226485632613', '226485706648', '226485732124', '226485747657', '226485821857', '226485851903', '226485879336', '226485991440', '226486053393', '226486077050', '226486162149', '226486247960', '226486260561', '226486261393', '226486397072', '226486515964', '226486535743', '226486580336', '226486632946', '226486668463', '226486799132', '226486849531', '226486853603', '226486873055', '226486938586', '226486943358', '226487015741', '226487080693', '226487102828', '226487197251', '226487202125', '226487253122', '226487256814', '226487388396', '226487447259', '226487591416', '226487626974', '226487650645', '226487666863', '226487678954', '226487742085', '226487762811', '226487805756', '226487864158', '226487893332', '226487990250', '226488039906', '226488053587', '226488085912', '226488093473', '226488106469', '226488122234', '226488123151', '226488266071', '226488311893', '226488425215', '226488549478', '226488613216', '226488617835', '226488658989', '226488752364', '226488772008', '226489043496', '226489082771', '226489316989', '226489395447', '226489512586', '226489616105', '226489710028', '226489742367', '226489807035', '226489843278', '226489871259', '226489919266', '226489928354', '226489993637', '226489452114']: 1
2026-09-08 13:19:22,383 - INFO - screening for ['226487919888', '226487923313', '226487932918', '226487978667', '226488066768', '226488100552', '226488192724', '226488206098', '226488212849', '226488267470', '226488278049', '226488363287', '226488466477', '226488522164', '226488524446', '226488530628', '226488531971', '226488536337', '226488553581', '226488571491', '226488599210', '226488605255', '226488627867', '226488638425', '226488667057', '226488683672', '226488686448', '226488704366', '226488757370', '226488796887', '226488907313', '226488983851', '226489036405', '226489055671', '226489069015', '226489090524', '226489176840', '226489180457', '226489197725', '226489218964', '226489253499', '226489254753', '226489417513', '226489529321', '226489539898', '226489561982', '226489564289', '226489584256', '226489586112', '226489646226', '226489679133', '226489702521', '226489736524', '226489776416', '226489795683', '226489826479', '226489878451', '226489903241', '226489917157', '226489984089', '226481031582', '226481086311', '226481246697', '226481287369', '226481295091', '226481329177', '226481370727', '226481445235', '226481475437', '226481490056', '226481498137', '226481538910', '226481568664', '226481731382', '226481767777', '226481783742', '226481816740', '226481914283', '226481931836', '226482100875', '226482205405', '226482214647', '226482219572', '226482331544', '226482465109', '226482473179', '226482486773', '226482597161', '226482597425', '226482648129', '226482662478', '226482714442', '226482748625', '226482834104', '226482918139', '226483056531', '226483111689', '226483187660', '226483197585', '226483346894', '226483360580', '226483400789', '226483585926', '226483646792', '226483652305', '226483661577', '226483783307', '226483976844', '226484272146', '226484319895', '226484355015', '226484394012', '226484530730', '226484597586', '226484643774', '226484663169', '226484776610', '22648482055', '226485316537', '226485593171', '226485593536', '226485632613', '226485706648', '226485732124', '226485747657', '226485821857', '226485851903', '226485879336', '226485991440', '226486053393', '226486077050', '226486162149', '226486247960', '226486260561', '226486261393', '226486397072', '226486515964', '226486535743', '226486580336', '226486632946', '226486668463', '226486799132', '226486849531', '226486853603', '226486873055', '226486938586', '226486943358', '226487015741', '226487080693', '226487102828', '226487197251', '226487202125', '226487253122', '226487256814', '226487388396', '226487447259', '226487591416', '226487626974', '226487650645', '226487666863', '226487678954', '226487742085', '226487762811', '226487805756', '226487864158', '226487893332', '226487990250', '226488039906', '226488053587', '226488085912', '226488093473', '226488106469', '226488122234', '226488123151', '226488266071', '226488311893', '226488425215', '226488549478', '226488613216', '226488617835', '226488658989', '226488752364', '226488772008', '226489043496', '226489082771', '226489316989', '226489395447', '226489512586', '226489616105', '226489710028', '226489742367', '226489807035', '226489843278', '226489871259', '226489919266', '226489928354', '226489993637', '226489452114']: 2
2026-09-08 13:19:39,741 - INFO - screening for ['226487919888', '226487923313', '226487932918', '226487978667', '226488066768', '226488100552', '226488192724', '226488206098', '226488212849', '226488267470', '226488278049', '226488363287', '226488466477', '226488522164', '226488524446', '226488530628', '226488531971', '226488536337', '226488553581', '226488571491', '226488599210', '226488605255', '226488627867', '226488638425', '226488667057', '226488683672', '226488686448', '226488704366', '226488757370', '226488796887', '226488907313', '226488983851', '226489036405', '226489055671', '226489069015', '226489090524', '226489176840', '226489180457', '226489197725', '226489218964', '226489253499', '226489254753', '226489417513', '226489529321', '226489539898', '226489561982', '226489564289', '226489584256', '226489586112', '226489646226', '226489679133', '226489702521', '226489736524', '226489776416', '226489795683', '226489826479', '226489878451', '226489903241', '226489917157', '226489984089', '226481031582', '226481086311', '226481246697', '226481287369', '226481295091', '226481329177', '226481370727', '226481445235', '226481475437', '226481490056', '226481498137', '226481538910', '226481568664', '226481731382', '226481767777', '226481783742', '226481816740', '226481914283', '226481931836', '226482100875', '226482205405', '226482214647', '226482219572', '226482331544', '226482465109', '226482473179', '226482486773', '226482597161', '226482597425', '226482648129', '226482662478', '226482714442', '226482748625', '226482834104', '226482918139', '226483056531', '226483111689', '226483187660', '226483197585', '226483346894', '226483360580', '226483400789', '226483585926', '226483646792', '226483652305', '226483661577', '226483783307', '226483976844', '226484272146', '226484319895', '226484355015', '226484394012', '226484530730', '226484597586', '226484643774', '226484663169', '226484776610', '22648482055', '226485316537', '226485593171', '226485593536', '226485632613', '226485706648', '226485732124', '226485747657', '226485821857', '226485851903', '226485879336', '226485991440', '226486053393', '226486077050', '226486162149', '226486247960', '226486260561', '226486261393', '226486397072', '226486515964', '226486535743', '226486580336', '226486632946', '226486668463', '226486799132', '226486849531', '226486853603', '226486873055', '226486938586', '226486943358', '226487015741', '226487080693', '226487102828', '226487197251', '226487202125', '226487253122', '226487256814', '226487388396', '226487447259', '226487591416', '226487626974', '226487650645', '226487666863', '226487678954', '226487742085', '226487762811', '226487805756', '226487864158', '226487893332', '226487990250', '226488039906', '226488053587', '226488085912', '226488093473', '226488106469', '226488122234', '226488123151', '226488266071', '226488311893', '226488425215', '226488549478', '226488613216', '226488617835', '226488658989', '226488752364', '226488772008', '226489043496', '226489082771', '226489316989', '226489395447', '226489512586', '226489616105', '226489710028', '226489742367', '226489807035', '226489843278', '226489871259', '226489919266', '226489928354', '226489993637', '226489452114']: 3
2026-09-08 13:20:10,163 - INFO - screening for ['226487919888', '226487923313', '226487932918', '226487978667', '226488066768', '226488100552', '226488192724', '226488206098', '226488212849', '226488267470', '226488278049', '226488363287', '226488466477', '226488522164', '226488524446', '226488530628', '226488531971', '226488536337', '226488553581', '226488571491', '226488599210', '226488605255', '226488627867', '226488638425', '226488667057', '226488683672', '226488686448', '226488704366', '226488757370', '226488796887', '226488907313', '226488983851', '226489036405', '226489055671', '226489069015', '226489090524', '226489176840', '226489180457', '226489197725', '226489218964', '226489253499', '226489254753', '226489417513', '226489529321', '226489539898', '226489561982', '226489564289', '226489584256', '226489586112', '226489646226', '226489679133', '226489702521', '226489736524', '226489776416', '226489795683', '226489826479', '226489878451', '226489903241', '226489917157', '226489984089', '226481031582', '226481086311', '226481246697', '226481287369', '226481295091', '226481329177', '226481370727', '226481445235', '226481475437', '226481490056', '226481498137', '226481538910', '226481568664', '226481731382', '226481767777', '226481783742', '226481816740', '226481914283', '226481931836', '226482100875', '226482205405', '226482214647', '226482219572', '226482331544', '226482465109', '226482473179', '226482486773', '226482597161', '226482597425', '226482648129', '226482662478', '226482714442', '226482748625', '226482834104', '226482918139', '226483056531', '226483111689', '226483187660', '226483197585', '226483346894', '226483360580', '226483400789', '226483585926', '226483646792', '226483652305', '226483661577', '226483783307', '226483976844', '226484272146', '226484319895', '226484355015', '226484394012', '226484530730', '226484597586', '226484643774', '226484663169', '226484776610', '22648482055', '226485316537', '226485593171', '226485593536', '226485632613', '226485706648', '226485732124', '226485747657', '226485821857', '226485851903', '226485879336', '226485991440', '226486053393', '226486077050', '226486162149', '226486247960', '226486260561', '226486261393', '226486397072', '226486515964', '226486535743', '226486580336', '226486632946', '226486668463', '226486799132', '226486849531', '226486853603', '226486873055', '226486938586', '226486943358', '226487015741', '226487080693', '226487102828', '226487197251', '226487202125', '226487253122', '226487256814', '226487388396', '226487447259', '226487591416', '226487626974', '226487650645', '226487666863', '226487678954', '226487742085', '226487762811', '226487805756', '226487864158', '226487893332', '226487990250', '226488039906', '226488053587', '226488085912', '226488093473', '226488106469', '226488122234', '226488123151', '226488266071', '226488311893', '226488425215', '226488549478', '226488613216', '226488617835', '226488658989', '226488752364', '226488772008', '226489043496', '226489082771', '226489316989', '226489395447', '226489512586', '226489616105', '226489710028', '226489742367', '226489807035', '226489843278', '226489871259', '226489919266', '226489928354', '226489993637', '226489452114']: 4
2026-09-08 13:20:17,698 - INFO - Opening:  226488553581
2026-09-08 13:21:14,903 - INFO - Member in :  226488553581 : 3
2026-09-08 13:21:27,474 - INFO - screening for ['226487919888', '226487923313', '226487932918', '226487978667', '226488066768', '226488100552', '226488192724', '226488206098', '226488212849', '226488267470', '226488278049', '226488363287', '226488466477', '226488522164', '226488524446', '226488530628', '226488531971', '226488536337', '226488553581', '226488571491', '226488599210', '226488605255', '226488627867', '226488638425', '226488667057', '226488683672', '226488686448', '226488704366', '226488757370', '226488796887', '226488907313', '226488983851', '226489036405', '226489055671', '226489069015', '226489090524', '226489176840', '226489180457', '226489197725', '226489218964', '226489253499', '226489254753', '226489417513', '226489529321', '226489539898', '226489561982', '226489564289', '226489584256', '226489586112', '226489646226', '226489679133', '226489702521', '226489736524', '226489776416', '226489795683', '226489826479', '226489878451', '226489903241', '226489917157', '226489984089', '226481031582', '226481086311', '226481246697', '226481287369', '226481295091', '226481329177', '226481370727', '226481445235', '226481475437', '226481490056', '226481498137', '226481538910', '226481568664', '226481731382', '226481767777', '226481783742', '226481816740', '226481914283', '226481931836', '226482100875', '226482205405', '226482214647', '226482219572', '226482331544', '226482465109', '226482473179', '226482486773', '226482597161', '226482597425', '226482648129', '226482662478', '226482714442', '226482748625', '226482834104', '226482918139', '226483056531', '226483111689', '226483187660', '226483197585', '226483346894', '226483360580', '226483400789', '226483585926', '226483646792', '226483652305', '226483661577', '226483783307', '226483976844', '226484272146', '226484319895', '226484355015', '226484394012', '226484530730', '226484597586', '226484643774', '226484663169', '226484776610', '22648482055', '226485316537', '226485593171', '226485593536', '226485632613', '226485706648', '226485732124', '226485747657', '226485821857', '226485851903', '226485879336', '226485991440', '226486053393', '226486077050', '226486162149', '226486247960', '226486260561', '226486261393', '226486397072', '226486515964', '226486535743', '226486580336', '226486632946', '226486668463', '226486799132', '226486849531', '226486853603', '226486873055', '226486938586', '226486943358', '226487015741', '226487080693', '226487102828', '226487197251', '226487202125', '226487253122', '226487256814', '226487388396', '226487447259', '226487591416', '226487626974', '226487650645', '226487666863', '226487678954', '226487742085', '226487762811', '226487805756', '226487864158', '226487893332', '226487990250', '226488039906', '226488053587', '226488085912', '226488093473', '226488106469', '226488122234', '226488123151', '226488266071', '226488311893', '226488425215', '226488549478', '226488613216', '226488617835', '226488658989', '226488752364', '226488772008', '226489043496', '226489082771', '226489316989', '226489395447', '226489512586', '226489616105', '226489710028', '226489742367', '226489807035', '226489843278', '226489871259', '226489919266', '226489928354', '226489993637', '226489452114']: 0
2026-09-08 13:21:45,469 - INFO - screening for ['226487919888', '226487923313', '226487932918', '226487978667', '226488066768', '226488100552', '226488192724', '226488206098', '226488212849', '226488267470', '226488278049', '226488363287', '226488466477', '226488522164', '226488524446', '226488530628', '226488531971', '226488536337', '226488553581', '226488571491', '226488599210', '226488605255', '226488627867', '226488638425', '226488667057', '226488683672', '226488686448', '226488704366', '226488757370', '226488796887', '226488907313', '226488983851', '226489036405', '226489055671', '226489069015', '226489090524', '226489176840', '226489180457', '226489197725', '226489218964', '226489253499', '226489254753', '226489417513', '226489529321', '226489539898', '226489561982', '226489564289', '226489584256', '226489586112', '226489646226', '226489679133', '226489702521', '226489736524', '226489776416', '226489795683', '226489826479', '226489878451', '226489903241', '226489917157', '226489984089', '226481031582', '226481086311', '226481246697', '226481287369', '226481295091', '226481329177', '226481370727', '226481445235', '226481475437', '226481490056', '226481498137', '226481538910', '226481568664', '226481731382', '226481767777', '226481783742', '226481816740', '226481914283', '226481931836', '226482100875', '226482205405', '226482214647', '226482219572', '226482331544', '226482465109', '226482473179', '226482486773', '226482597161', '226482597425', '226482648129', '226482662478', '226482714442', '226482748625', '226482834104', '226482918139', '226483056531', '226483111689', '226483187660', '226483197585', '226483346894', '226483360580', '226483400789', '226483585926', '226483646792', '226483652305', '226483661577', '226483783307', '226483976844', '226484272146', '226484319895', '226484355015', '226484394012', '226484530730', '226484597586', '226484643774', '226484663169', '226484776610', '22648482055', '226485316537', '226485593171', '226485593536', '226485632613', '226485706648', '226485732124', '226485747657', '226485821857', '226485851903', '226485879336', '226485991440', '226486053393', '226486077050', '226486162149', '226486247960', '226486260561', '226486261393', '226486397072', '226486515964', '226486535743', '226486580336', '226486632946', '226486668463', '226486799132', '226486849531', '226486853603', '226486873055', '226486938586', '226486943358', '226487015741', '226487080693', '226487102828', '226487197251', '226487202125', '226487253122', '226487256814', '226487388396', '226487447259', '226487591416', '226487626974', '226487650645', '226487666863', '226487678954', '226487742085', '226487762811', '226487805756', '226487864158', '226487893332', '226487990250', '226488039906', '226488053587', '226488085912', '226488093473', '226488106469', '226488122234', '226488123151', '226488266071', '226488311893', '226488425215', '226488549478', '226488613216', '226488617835', '226488658989', '226488752364', '226488772008', '226489043496', '226489082771', '226489316989', '226489395447', '226489512586', '226489616105', '226489710028', '226489742367', '226489807035', '226489843278', '226489871259', '226489919266', '226489928354', '226489993637', '226489452114']: 1
2026-09-08 13:22:02,922 - INFO - screening for ['226487919888', '226487923313', '226487932918', '226487978667', '226488066768', '226488100552', '226488192724', '226488206098', '226488212849', '226488267470', '226488278049', '226488363287', '226488466477', '226488522164', '226488524446', '226488530628', '226488531971', '226488536337', '226488553581', '226488571491', '226488599210', '226488605255', '226488627867', '226488638425', '226488667057', '226488683672', '226488686448', '226488704366', '226488757370', '226488796887', '226488907313', '226488983851', '226489036405', '226489055671', '226489069015', '226489090524', '226489176840', '226489180457', '226489197725', '226489218964', '226489253499', '226489254753', '226489417513', '226489529321', '226489539898', '226489561982', '226489564289', '226489584256', '226489586112', '226489646226', '226489679133', '226489702521', '226489736524', '226489776416', '226489795683', '226489826479', '226489878451', '226489903241', '226489917157', '226489984089', '226481031582', '226481086311', '226481246697', '226481287369', '226481295091', '226481329177', '226481370727', '226481445235', '226481475437', '226481490056', '226481498137', '226481538910', '226481568664', '226481731382', '226481767777', '226481783742', '226481816740', '226481914283', '226481931836', '226482100875', '226482205405', '226482214647', '226482219572', '226482331544', '226482465109', '226482473179', '226482486773', '226482597161', '226482597425', '226482648129', '226482662478', '226482714442', '226482748625', '226482834104', '226482918139', '226483056531', '226483111689', '226483187660', '226483197585', '226483346894', '226483360580', '226483400789', '226483585926', '226483646792', '226483652305', '226483661577', '226483783307', '226483976844', '226484272146', '226484319895', '226484355015', '226484394012', '226484530730', '226484597586', '226484643774', '226484663169', '226484776610', '22648482055', '226485316537', '226485593171', '226485593536', '226485632613', '226485706648', '226485732124', '226485747657', '226485821857', '226485851903', '226485879336', '226485991440', '226486053393', '226486077050', '226486162149', '226486247960', '226486260561', '226486261393', '226486397072', '226486515964', '226486535743', '226486580336', '226486632946', '226486668463', '226486799132', '226486849531', '226486853603', '226486873055', '226486938586', '226486943358', '226487015741', '226487080693', '226487102828', '226487197251', '226487202125', '226487253122', '226487256814', '226487388396', '226487447259', '226487591416', '226487626974', '226487650645', '226487666863', '226487678954', '226487742085', '226487762811', '226487805756', '226487864158', '226487893332', '226487990250', '226488039906', '226488053587', '226488085912', '226488093473', '226488106469', '226488122234', '226488123151', '226488266071', '226488311893', '226488425215', '226488549478', '226488613216', '226488617835', '226488658989', '226488752364', '226488772008', '226489043496', '226489082771', '226489316989', '226489395447', '226489512586', '226489616105', '226489710028', '226489742367', '226489807035', '226489843278', '226489871259', '226489919266', '226489928354', '226489993637', '226489452114']: 2
2026-09-08 13:22:10,012 - INFO - Opening:  226488571491
